return,PE,industry,location,mv
2.41,99.61,IT设备,北京,         36.86亿
1.66,99.55,电气设备,广东,         56.19亿
1.58,99.3,电气设备,湖北,         19.46亿
3.1,99.02,IT设备,天津,        329.51亿
0.24,98.76,医疗保健,北京,         49.07亿
1.86,98.71,通信设备,北京,         67.94亿
2.97,98.42,半导体,深圳,         17.70亿
1.81,98.41,电器仪表,浙江,         18.74亿
1.61,98.3,软件服务,四川,         30.07亿
1.52,97.92,中成药,广东,         27.05亿
0.83,97.86,火力发电,山西,         71.06亿
0.89,97.76,软件服务,深圳,         47.28亿
-0.58,97.69,文教休闲,江苏,         12.34亿
0.88,97.66,多元金融,上海,         32.66亿
5.46,97.65,专用机械,湖北,         59.98亿
1.14,97.52,小金属,陕西,         13.09亿
1.79,97.51,IT设备,北京,         29.50亿
0.98,97.42,软件服务,深圳,         72.65亿
0.8,97.22,化学制药,云南,         11.21亿
0.58,97.21,软件服务,北京,        141.60亿
3.59,96.9,饲料,浙江,         12.80亿
-0.44,96.89,农业综合,河南,        967.20亿
0.94,96.61,中成药,上海,         12.03亿
1.56,96.24,化工原料,广东,         26.01亿
1.25,96.12,元器件,浙江,         23.61亿
3.13,95.92,证券,西藏,         39.10亿
0.63,95.8,电气设备,江苏,         69.75亿
0.57,95.66,区域地产,上海,         47.34亿
2.33,94.99,软件服务,北京,        185.30亿
-1.55,94.8,互联网,浙江,         30.40亿
1.91,94.71,矿物制品,江苏,          7.69亿
4.75,94.68,汽车配件,黑龙江,         25.53亿
1.86,94.46,化工原料,广东,         18.83亿
0.57,94.34,电器仪表,河南,          6.15亿
0.67,94.27,机械基件,江苏,         18.43亿
1.41,94.18,红黄酒,甘肃,         18.46亿
1.91,93.62,仓储物流,深圳,         16.55亿
1.05,93.44,汽车配件,四川,          7.85亿
0.42,93.44,普钢,山东,         26.93亿
9.98,93.26,元器件,江苏,         51.11亿
5.84,93.07,软件服务,上海,         35.58亿
2.14,93.03,通信设备,深圳,         11.65亿
2.24,93,汽车配件,浙江,         29.81亿
-0.49,92.86,塑料,浙江,         38.13亿
1.97,92.63,铝,广东,         64.30亿
1.05,92.59,电器仪表,福建,         15.07亿
1.72,92.5,仓储物流,深圳,         87.57亿
2.88,92.38,超市连锁,湖北,         46.15亿
1.28,91.94,房产服务,上海,         16.09亿
1.58,91.86,塑料,广东,         15.08亿
0.99,91.8,专用机械,江苏,         18.54亿
2.72,91.72,生物制药,北京,         49.33亿
0.88,91.5,水力发电,广东,         65.11亿
1.53,91.45,元器件,浙江,         67.37亿
1.34,91.43,中成药,西藏,         13.17亿
0.48,91.22,区域地产,湖北,         36.37亿
2.1,91.03,文教休闲,上海,          9.24亿
9.96,90.9,其他建材,海南,         53.55亿
0.8,90.88,电器仪表,北京,         15.69亿
3.23,90.78,医疗保健,广东,         16.97亿
1.05,90.61,软件服务,北京,         74.68亿
10.04,90.58,半导体,深圳,         31.56亿
3.25,90.49,元器件,深圳,         82.89亿
1.96,90.24,综合类,浙江,         24.26亿
1.62,90.07,电气设备,江苏,          9.57亿
0.32,90.01,百货,上海,         61.52亿
4.59,89.92,软件服务,广东,         22.89亿
0.71,89.92,纺织,上海,         30.29亿
1.37,89.69,专用机械,北京,         12.09亿
0.08,89.6,化工原料,福建,         13.57亿
0.33,89.36,水泥,吉林,         98.31亿
1.74,89.32,电气设备,北京,         25.50亿
1.78,89.32,元器件,广东,         19.75亿
1.04,89.12,电气设备,山东,        170.51亿
0.08,88.74,化学制药,北京,         32.82亿
-1.24,88.38,文教休闲,安徽,        122.24亿
2,88.08,软件服务,深圳,         14.20亿
10.02,87.66,通信设备,陕西,         40.88亿
0.8,87.66,公路,北京,          6.39亿
2.02,87.62,化工原料,广东,        103.95亿
2.96,87.61,证券,云南,         61.99亿
1.45,87.32,电器仪表,吉林,         33.60亿
2.47,86.96,电器仪表,浙江,          9.35亿
1.64,86.95,汽车配件,深圳,         13.92亿
1.57,86.71,专用机械,甘肃,         60.64亿
1.91,86.64,电器仪表,江苏,         19.82亿
1.11,86.61,软件服务,四川,         19.55亿
0.88,86.45,家用电器,江苏,         37.12亿
1.56,86.41,汽车配件,广东,         36.58亿
1,86.31,综合类,浙江,          7.57亿
3.26,86.19,塑料,上海,          7.13亿
1.67,86.06,小金属,江西,        233.92亿
0.83,85.9,专用机械,浙江,         20.62亿
1.8,85.9,文教休闲,陕西,         20.85亿
0.96,85.62,区域地产,重庆,         26.57亿
1.69,85.53,出版业,海南,         58.47亿
3.11,85.34,半导体,甘肃,        190.70亿
4.3,85.21,航空,黑龙江,         63.22亿
4.19,85.02,半导体,上海,         55.49亿
2.75,84.99,软件服务,深圳,         29.64亿
2.22,84.91,化学制药,广东,          8.00亿
0.38,84.86,多元金融,浙江,         24.26亿
0.89,84.61,软件服务,重庆,         14.63亿
4.16,84.57,化工原料,江苏,         21.19亿
1.53,84.49,化工原料,西藏,         25.72亿
1.67,84.4,航空,陕西,        402.60亿
1.06,84.28,食品,广东,         20.49亿
4.04,84.03,半导体,广东,         71.18亿
1.05,83.74,通信设备,天津,         46.40亿
0.32,83.69,电器仪表,北京,         38.24亿
1.42,83.54,互联网,浙江,         13.14亿
2.13,83.45,专用机械,江西,          6.03亿
0.79,83.22,染料涂料,湖南,          7.49亿
2.24,83.17,半导体,吉林,         60.93亿
2.5,83,食品,新疆,         25.30亿
1.38,82.9,电气设备,浙江,          9.96亿
2.02,82.87,电气设备,河北,         15.54亿
1.29,82.56,专用机械,北京,         21.81亿
0.14,82.55,广告包装,上海,         28.18亿
3.05,82.19,互联网,湖北,         24.47亿
0.69,82.12,机械基件,安徽,         13.94亿
5.77,82.11,家居用品,深圳,         30.51亿
-0.94,81.96,综合类,北京,         11.35亿
-0.99,81.95,中成药,山东,        228.20亿
10.03,81.75,房产服务,深圳,         70.54亿
1.48,81.72,软件服务,北京,         15.07亿
0.83,81.67,装修装饰,深圳,          5.51亿
2.39,81.4,专用机械,浙江,         33.51亿
4.53,81.37,元器件,深圳,         46.61亿
1.5,81,软件服务,北京,         33.81亿
1.16,80.94,食品,浙江,         44.48亿
1.92,80.89,运输设备,北京,         10.45亿
1.2,80.81,染料涂料,上海,         27.55亿
2.73,80.75,软件服务,上海,         72.45亿
1.65,80.62,元器件,深圳,         29.57亿
1.75,80.45,专用机械,江苏,         11.96亿
2.49,80.4,化工原料,河北,         25.66亿
1.74,80.38,电器仪表,江苏,         14.92亿
1.7,80.19,生物制药,广东,         81.71亿
2.71,79.87,塑料,江苏,         11.87亿
0.98,79.85,运输设备,山西,         49.90亿
1.37,79.69,商贸代理,上海,         41.00亿
1.32,79.39,广告包装,福建,         50.87亿
1.65,79.33,电气设备,浙江,         60.34亿
0.45,79.29,建筑工程,四川,         32.38亿
2.19,79.13,软件服务,广东,         26.96亿
0.52,78.93,互联网,广东,         22.22亿
0.71,78.8,农业综合,甘肃,         55.10亿
2.86,78.51,专用机械,上海,          9.55亿
1.68,78.37,软件服务,上海,         29.87亿
1.48,78.34,汽车配件,浙江,         57.98亿
1.26,78.02,供气供热,贵州,         96.78亿
3.11,77.94,元器件,深圳,         10.36亿
1.64,77.65,专用机械,江苏,          6.92亿
0.99,77.64,区域地产,深圳,         34.69亿
0.48,77.42,饲料,深圳,         33.19亿
1.93,77.33,通信设备,江苏,         80.94亿
5.56,77.28,互联网,湖南,         51.78亿
3.42,77.02,广告包装,上海,          5.38亿
0.09,76.87,乳制品,新疆,         17.56亿
1.44,76.7,电气设备,江苏,         11.84亿
1.45,76.62,软件服务,北京,         10.82亿
1.4,76.5,医疗保健,深圳,          5.55亿
4.66,76.46,中成药,吉林,         74.78亿
0.81,76.41,黄金,山东,        683.77亿
4.07,76.07,汽车配件,江苏,         10.35亿
2.55,76.04,证券,广东,        112.08亿
4.01,75.95,汽车配件,浙江,         25.64亿
1.61,75.82,元器件,深圳,         15.89亿
-1.67,75.79,医疗保健,湖南,       1008.86亿
-1.84,75.71,化学制药,江苏,       3754.34亿
0.75,75.65,机械基件,浙江,         87.91亿
2.33,75.59,影视音像,广东,         71.59亿
0.95,75.51,焦炭加工,黑龙江,         68.53亿
1.91,75.48,电气设备,河南,         63.00亿
0.53,75.43,普钢,海南,        112.01亿
2.16,75.38,汽车配件,江苏,         11.78亿
4.22,75.04,电器仪表,河南,         15.14亿
2.13,75,专用机械,湖北,        105.27亿
1.17,74.94,机械基件,河南,         28.36亿
10.02,74.94,多元金融,上海,         22.94亿
0.97,74.91,电气设备,浙江,         67.96亿
3.23,74.86,软件服务,北京,         60.98亿
2.89,74.78,软件服务,广西,         69.95亿
2.37,74.42,通信设备,山东,        174.38亿
1.66,74.39,软件服务,湖南,         10.11亿
2.79,74.38,多元金融,山东,         29.40亿
3.13,74.36,通信设备,广东,         40.05亿
-0.7,74.34,生物制药,浙江,        213.51亿
3.05,74.3,批发业,深圳,         10.59亿
1.34,74.29,船舶,北京,        971.33亿
-1.29,74.24,服饰,浙江,         21.84亿
0,73.96,化学制药,西藏,          6.90亿
1.44,73.79,专用机械,江苏,         16.32亿
0.72,73.71,电气设备,上海,         40.76亿
1.49,73.7,专用机械,福建,         43.36亿
2.09,73.7,化学制药,上海,         57.65亿
1.44,73.69,电气设备,天津,         15.29亿
4.42,73.59,广告包装,安徽,         47.05亿
-0.25,73.56,专用机械,上海,         26.02亿
2.2,73.48,广告包装,陕西,         21.78亿
-1.54,73.48,生物制药,福建,         66.00亿
-0.18,73.24,互联网,深圳,        146.38亿
2.68,72.96,通信设备,湖北,         75.34亿
1.54,72.95,专用机械,上海,          7.00亿
2.54,72.84,通信设备,浙江,          9.46亿
0.99,72.71,染料涂料,江苏,          8.52亿
1.63,72.71,医疗保健,天津,          7.02亿
1.13,72.65,纺织,浙江,         22.83亿
2.63,72.62,航空,陕西,          9.55亿
1.37,72.48,运输设备,北京,         26.55亿
4.08,72.46,元器件,广东,         19.34亿
1.26,72.39,仓储物流,江苏,         23.44亿
1.15,72.36,电气设备,广东,         27.49亿
0.44,72.27,生物制药,山东,         38.16亿
7.4,72.17,专用机械,上海,         18.20亿
1.76,72.14,汽车配件,吉林,         18.78亿
1.75,72.05,电气设备,天津,         39.15亿
0.54,71.93,渔业,山东,         20.25亿
0.13,71.89,医疗保健,江苏,         49.93亿
2.24,71.86,软件服务,浙江,         32.02亿
4.61,71.85,家用电器,深圳,         68.55亿
6.81,71.66,元器件,深圳,        178.91亿
1.49,71.61,化工原料,山东,         11.20亿
0.73,71.28,综合类,上海,         19.26亿
9.97,71.27,半导体,江苏,         80.09亿
1.73,71.22,生物制药,内蒙,         20.91亿
2.23,71.17,通信设备,吉林,         25.22亿
10.01,70.97,汽车配件,江苏,         21.63亿
3.15,70.86,元器件,浙江,         18.15亿
3.02,70.8,软件服务,上海,        206.74亿
10.01,70.76,软件服务,北京,         12.37亿
0.72,70.66,半导体,上海,         21.12亿
-1.24,70.62,食品,浙江,         13.71亿
3.05,70.58,互联网,北京,         23.21亿
2.81,70.57,航空,北京,         15.28亿
1.55,70.49,区域地产,江苏,         36.88亿
2.33,70.43,通信设备,深圳,         86.96亿
2.61,70.38,元器件,四川,         37.83亿
1.28,70.37,环境保护,湖南,         30.00亿
0.29,70.26,综合类,辽宁,         21.29亿
1.31,70.23,医疗保健,安徽,        133.17亿
2.16,70.14,IT设备,广东,         22.84亿
1.51,70.1,旅游服务,湖北,         16.82亿
0.91,70.05,软件服务,浙江,         14.72亿
1.02,70.04,仓储物流,上海,         23.62亿
4.89,70.01,专用机械,上海,          8.36亿
10.04,69.98,汽车配件,广东,         26.82亿
3.26,69.9,互联网,北京,         14.38亿
1.3,69.84,装修装饰,上海,         16.55亿
1.81,69.81,航空,北京,        246.55亿
0.84,69.61,供气供热,四川,         21.40亿
3.05,69.48,染料涂料,深圳,          8.14亿
3.59,69.43,生物制药,山东,         27.73亿
1.27,69.43,食品,四川,         18.10亿
3.64,69.37,铝,福建,         22.07亿
1.29,69.33,软件服务,上海,         27.29亿
0.91,69.3,其他建材,安徽,         19.87亿
0.13,69.26,文教休闲,广东,          7.24亿
2.24,69.1,医疗保健,广东,         17.64亿
5.44,69.03,元器件,深圳,          8.49亿
1.02,69.02,软件服务,北京,         44.70亿
6.56,68.98,饲料,山东,         22.89亿
2.21,68.82,航空,北京,        244.40亿
0.86,68.76,机械基件,深圳,         26.98亿
1.95,68.65,软件服务,北京,        175.27亿
3.94,68.62,化工原料,北京,         27.21亿
0.44,68.54,多元金融,安徽,         33.35亿
2.65,68.53,通信设备,湖北,         38.76亿
1.58,68.45,元器件,浙江,         93.93亿
-0.29,68.44,化工原料,湖南,         25.81亿
1.23,68.38,通信设备,湖北,         17.73亿
0.02,68.34,医疗保健,浙江,        339.47亿
1.72,68.33,元器件,浙江,         36.61亿
10.01,68.27,软件服务,上海,         11.81亿
2.31,68.09,塑料,广东,         11.06亿
-2.01,68.09,百货,新疆,         31.08亿
2.47,68.03,软件服务,安徽,         34.46亿
1.26,68.01,医疗保健,深圳,        149.66亿
0.16,67.97,造纸,上海,         66.22亿
4.93,67.37,食品,安徽,         27.15亿
1.14,67.24,元器件,深圳,         43.04亿
2.7,67.07,软件服务,深圳,         24.59亿
0.36,67.06,全国地产,云南,         67.55亿
0.93,67.02,软件服务,四川,         63.76亿
1.56,66.99,化学制药,重庆,         38.74亿
3.67,66.89,电气设备,福建,         93.52亿
2.32,66.86,元器件,江苏,         23.12亿
1.55,66.86,化学制药,江苏,        966.34亿
-0.46,66.84,百货,湖北,         24.42亿
3.28,66.63,软件服务,吉林,         36.82亿
1.69,66.62,机床制造,湖南,         11.86亿
0.57,66.43,医疗保健,上海,         30.28亿
1.86,66.36,化工原料,浙江,          9.21亿
0.32,66.27,农用机械,河南,         37.36亿
0.54,66.21,黄金,湖南,         89.54亿
2.9,66.18,IT设备,上海,         14.55亿
1.48,66.14,电信运营,福建,         81.29亿
1.74,66.13,环境保护,浙江,         52.77亿
2.7,65.85,IT设备,深圳,         10.51亿
4.7,65.82,通信设备,广东,         81.85亿
1.57,65.82,医疗保健,上海,         19.18亿
3.81,65.81,电信运营,上海,         49.80亿
1.24,65.62,化工原料,新疆,         47.75亿
1.46,65.56,元器件,江苏,         57.08亿
3.25,65.3,食品,河南,         71.75亿
0.68,65.22,仓储物流,北京,         57.65亿
-0.51,65.09,建筑工程,浙江,         10.33亿
1.18,64.98,钢加工,贵州,         16.79亿
1.43,64.97,汽车配件,江苏,          6.84亿
1.31,64.9,汽车配件,广东,         13.02亿
3.09,64.84,元器件,福建,         28.26亿
1.57,64.72,纺织机械,福建,          7.82亿
2.44,64.64,水泥,四川,         24.92亿
2.06,64.59,通信设备,福建,         29.67亿
1.53,64.57,日用化工,广东,          6.19亿
-0.34,64.57,文教休闲,湖南,         23.39亿
3.26,64.49,互联网,福建,         45.60亿
2.78,64.39,证券,深圳,        297.35亿
7.91,64.36,农药化肥,江苏,         41.77亿
0.81,64.34,生物制药,上海,          7.29亿
2.06,64.3,半导体,上海,         35.12亿
0.49,64.27,汽车配件,上海,         20.17亿
0.21,64.23,旅游景点,西藏,         21.38亿
2.45,64.18,元器件,河北,        312.09亿
2.1,63.93,生物制药,天津,         65.36亿
3.33,63.91,电器仪表,广东,         10.34亿
0.56,63.81,汽车配件,浙江,         18.28亿
0.4,63.8,服饰,辽宁,         16.74亿
3.3,63.73,食品,山东,         11.81亿
1.18,63.72,电气设备,山东,         16.03亿
-0.79,63.67,水力发电,四川,         81.98亿
2.37,63.65,广告包装,广东,          7.41亿
-0.69,63.64,纺织,四川,         14.70亿
2.86,63.6,元器件,深圳,         56.21亿
0.42,63.42,化工原料,江苏,         66.72亿
1.47,63.31,专用机械,北京,         47.93亿
0.93,63.04,化工原料,河南,         69.53亿
1.14,63.02,生物制药,天津,        304.58亿
1.56,62.83,工程机械,陕西,         22.42亿
1.57,62.72,运输设备,浙江,          9.78亿
-0.49,62.59,生物制药,内蒙,        207.34亿
0.42,62.43,水力发电,四川,         35.11亿
-1.68,62.26,医疗保健,浙江,        331.80亿
2.9,62.22,互联网,上海,        114.23亿
0.39,62.18,电器仪表,湖北,        152.40亿
0,62.14,塑料,浙江,         52.17亿
4.5,62.01,IT设备,山东,        428.03亿
1.73,61.99,纺织机械,浙江,         37.28亿
3.43,61.97,汽车配件,贵州,         56.04亿
1.21,61.91,医疗保健,内蒙,         17.22亿
6.81,61.86,元器件,北京,       1486.44亿
0.45,61.83,生物制药,广东,         54.25亿
0.91,61.81,农药化肥,江苏,         21.00亿
0.98,61.8,旅游景点,云南,         37.64亿
1.36,61.68,小金属,内蒙,        379.29亿
1.67,61.51,IT设备,浙江,         10.97亿
0.71,61.38,服饰,四川,         13.86亿
0.61,61.38,钢加工,四川,         29.53亿
4.71,61.32,元器件,江苏,         29.00亿
1.62,61.28,化学制药,浙江,        110.54亿
1.74,61.08,元器件,江苏,         44.75亿
2.61,60.96,电信运营,北京,         63.46亿
2.6,60.94,出版业,甘肃,         40.95亿
0.4,60.91,农业综合,山东,          9.71亿
10.01,60.88,化工原料,江苏,         11.73亿
2.56,60.85,软件服务,深圳,         32.26亿
0.77,60.72,仓储物流,新疆,         20.63亿
1.79,60.47,汽车配件,辽宁,         44.52亿
3.08,60.42,农药化肥,河北,         39.95亿
0.66,60.16,电气设备,上海,         28.63亿
1.13,60.12,家用电器,江苏,         35.84亿
9.99,60.1,钢加工,湖南,         26.05亿
-6.37,60.1,公路,海南,         26.92亿
1.36,60.05,元器件,山东,         60.36亿
-0.53,60,文教休闲,辽宁,         61.51亿
3.93,59.91,船舶,江苏,         55.84亿
0.71,59.84,软件服务,浙江,        641.23亿
-1.06,59.78,专用机械,上海,         21.39亿
2.28,59.76,红黄酒,山东,         16.43亿
1.84,59.73,电气设备,浙江,         22.14亿
2.73,59.49,化学制药,海南,         88.31亿
-0.48,59.44,医疗保健,河南,        426.34亿
1.91,59.36,通信设备,广东,        229.57亿
3.5,59.32,通信设备,深圳,         63.52亿
0.4,59.31,医药商业,浙江,         18.30亿
1.1,59.29,铝,江苏,         37.27亿
1.31,59.22,食品,广西,         19.52亿
3.92,59.16,汽车配件,江苏,          8.89亿
1.68,59.13,工程机械,上海,        120.92亿
1.31,59.11,工程机械,湖南,         41.67亿
3.35,59.06,元器件,深圳,          9.93亿
1.91,59.01,电器仪表,深圳,        397.40亿
0.96,58.97,商贸代理,江苏,         16.38亿
2.09,58.95,软件服务,深圳,         35.34亿
1.88,58.61,小金属,陕西,         32.20亿
1.02,58.51,中成药,浙江,         23.00亿
1.4,58.5,电气设备,吉林,         49.92亿
2.07,58.46,元器件,浙江,         23.93亿
1.78,58.42,电气设备,浙江,          7.71亿
2.2,58.24,机械基件,山东,         19.76亿
1.62,58.23,电气设备,北京,         19.59亿
0.61,58.05,软件服务,北京,         42.07亿
-0.07,57.89,汽车整车,江西,         73.10亿
2.26,57.7,机械基件,江苏,         26.58亿
1.04,57.67,电气设备,江苏,         26.23亿
1.93,57.67,日用化工,浙江,         56.94亿
0.88,57.66,乳制品,河南,         13.86亿
2.1,57.61,专用机械,辽宁,        213.88亿
0,57.55,汽车整车,安徽,         93.34亿
1.97,57.52,通信设备,湖北,        189.13亿
0.88,57.51,软饮料,浙江,         11.19亿
0.77,57.5,医疗保健,广东,        149.38亿
0.11,57.49,塑料,深圳,         13.83亿
2.04,57.45,轻工机械,上海,         10.47亿
3.08,57.39,软件服务,上海,         33.49亿
1.75,57.36,汽车整车,深圳,        503.37亿
1.63,57.32,啤酒,甘肃,         12.72亿
1.37,57.31,软件服务,北京,        108.88亿
-0.96,57.27,医疗保健,重庆,          9.10亿
1.02,57.25,铅锌,重庆,        146.14亿
0.36,57.21,出版业,山东,          7.23亿
0.3,57.21,医疗保健,上海,          7.25亿
0.27,57.08,汽车配件,辽宁,         41.19亿
1.33,56.89,水务,北京,         18.75亿
1.05,56.86,建筑工程,山东,         22.78亿
1,56.72,电气设备,浙江,         11.06亿
2.66,56.61,软件服务,浙江,        103.09亿
-0.43,56.53,食品,广东,       2890.48亿
2.68,56.49,元器件,湖北,        108.12亿
1.57,56.45,塑料,江苏,         13.25亿
3.11,56.27,塑料,广东,         25.88亿
2.21,56.25,元器件,广东,          9.19亿
0.33,56.21,化学制药,湖南,         11.98亿
1.83,56.16,互联网,上海,         20.69亿
1.18,56.1,中成药,河南,         24.47亿
3.19,56.09,专用机械,江苏,         36.80亿
0.18,56,医疗保健,山东,         32.16亿
4.33,55.97,医疗保健,北京,          7.25亿
2.14,55.79,软件服务,浙江,        107.40亿
2.98,55.76,化工原料,四川,         30.33亿
1.27,55.73,专用机械,四川,         23.32亿
2.76,55.68,软件服务,山东,         39.89亿
1.45,55.62,证券,上海,        837.05亿
1.39,55.57,化工原料,江苏,         15.35亿
2.88,55.49,电气设备,河南,         87.25亿
4.43,55.45,软件服务,福建,         60.65亿
1.71,55.42,医疗保健,上海,         23.79亿
0.78,55.35,软件服务,广东,         89.52亿
1.24,55.24,广告包装,广东,          6.89亿
4.24,55.17,元器件,河南,         43.57亿
3.41,55.1,新型电力,深圳,         38.60亿
3.41,55.1,新型电力,深圳,         38.60亿
1.3,55.1,影视音像,上海,         55.68亿
0.77,55.05,装修装饰,江苏,         28.53亿
2.13,54.95,生物制药,吉林,        772.58亿
-3.92,54.85,汽车配件,安徽,          8.09亿
9.96,54.84,仓储物流,广东,         30.34亿
0.71,54.79,电气设备,广东,         34.81亿
2.68,54.68,机械基件,浙江,          6.49亿
2.17,54.68,化工原料,上海,        148.63亿
0.56,54.58,机床制造,浙江,         37.53亿
1.77,54.56,元器件,广东,         71.21亿
-0.31,54.55,汽车配件,上海,         13.81亿
4.84,54.54,软件服务,北京,         77.44亿
3.03,54.54,通信设备,深圳,         26.21亿
1.32,54.53,环境保护,深圳,         32.37亿
4.42,54.5,电器仪表,广东,         12.91亿
0.81,54.49,汽车配件,黑龙江,         27.35亿
0,54.49,环境保护,浙江,         27.26亿
0.51,54.47,医疗保健,广东,        166.41亿
10,54.46,软件服务,四川,          9.49亿
0.84,54.44,日用化工,广东,         26.65亿
4.7,54.43,广告包装,广东,         10.84亿
1.54,54.39,广告包装,四川,         43.17亿
1.9,54.35,电气设备,江苏,          7.76亿
1.7,54.3,中成药,浙江,         17.80亿
-3.53,54.26,软件服务,北京,         40.08亿
0.74,54.14,互联网,北京,        113.20亿
3.38,54.13,航空,广东,         30.56亿
6.33,54.06,航空,山东,        127.25亿
-1.09,54.04,化工机械,上海,         21.81亿
0.5,54.03,文教休闲,广东,        109.24亿
-1.14,54,旅游服务,辽宁,         52.59亿
1.39,53.74,广告包装,浙江,          7.68亿
3.41,53.71,证券,北京,        150.62亿
0.89,53.7,铝,北京,        372.63亿
5.05,53.54,元器件,湖北,         21.71亿
3.75,53.54,通信设备,四川,         63.44亿
2.93,53.44,环境保护,北京,         27.48亿
1.74,53.44,影视音像,陕西,         62.09亿
-1.19,53.4,汽车整车,山东,         39.43亿
0.51,53.29,小金属,上海,         22.36亿
0.71,53.23,IT设备,广东,         42.93亿
2.47,53.23,软件服务,河南,         25.27亿
0.42,53.23,供气供热,新疆,         14.47亿
6.45,53.21,汽车配件,广东,         18.44亿
2.52,53.12,矿物制品,河南,         33.86亿
-2.58,53.1,食品,四川,         95.61亿
1.17,53.1,半导体,上海,         11.19亿
6.4,53.09,元器件,深圳,         19.05亿
0.32,53.08,软件服务,深圳,         60.56亿
1.78,52.91,环境保护,山东,          7.00亿
2.57,52.9,元器件,广东,         16.92亿
2.47,52.87,电器仪表,深圳,        230.66亿
2.55,52.79,航空,黑龙江,        284.84亿
1.04,52.71,工程机械,辽宁,         11.10亿
1.79,52.71,化学制药,浙江,         27.09亿
-0.39,52.33,电器仪表,江苏,         24.25亿
0.8,52.32,铅锌,四川,         51.41亿
2.65,52.26,电器仪表,深圳,        389.31亿
0.99,52.26,建筑工程,浙江,          6.65亿
2.41,52.25,软件服务,广东,         15.66亿
2.09,52.18,元器件,浙江,         31.01亿
1.87,52.12,软件服务,深圳,        128.27亿
4.7,52.08,半导体,湖北,        800.19亿
0.84,52.03,广告包装,浙江,         42.56亿
2.4,52.02,全国地产,北京,         17.37亿
1.03,51.97,互联网,北京,         30.46亿
-1.99,51.95,医疗保健,福建,         23.65亿
-0.29,51.87,专用机械,安徽,        134.63亿
4.9,51.85,化工原料,山东,         13.51亿
1.48,51.81,软件服务,深圳,         65.94亿
3,51.7,元器件,深圳,        177.35亿
2.4,51.67,元器件,山东,        578.32亿
4.12,51.56,路桥,海南,         36.71亿
1.66,51.48,园区开发,四川,         18.37亿
-0.03,51.4,生物制药,山西,         86.88亿
1.27,51.37,服饰,北京,         34.65亿
0.71,51.35,元器件,深圳,       1975.01亿
0.44,51.32,电气设备,贵州,         14.85亿
1.03,51.3,石油开采,北京,         22.63亿
0.88,51.23,汽车整车,内蒙,         31.04亿
-1.22,51.2,医药商业,湖南,        276.56亿
4.04,51.16,专用机械,深圳,         19.19亿
-1.73,51.12,通信设备,上海,         15.47亿
0.96,51.07,元器件,北京,         20.75亿
0.03,51.02,医疗保健,山东,         20.82亿
-0.69,51.01,房产服务,重庆,         13.21亿
0.28,50.87,运输设备,北京,         93.89亿
1.1,50.73,全国地产,广东,         31.32亿
3.17,50.65,元器件,江西,         22.19亿
-0.55,50.62,化学制药,湖南,         77.24亿
0.87,50.59,白酒,湖南,        124.12亿
1.64,50.58,机械基件,江苏,          8.05亿
2.03,50.55,通信设备,江苏,         57.47亿
1.15,50.55,元器件,深圳,          8.70亿
0.9,50.53,专用机械,北京,         66.19亿
-0.99,50.28,家用电器,广东,         11.54亿
1.04,50.27,化工原料,江苏,         10.90亿
1.21,50.26,证券,河南,         90.68亿
1.63,50.25,软件服务,浙江,         19.79亿
0.67,50.19,机械基件,浙江,         12.50亿
0.99,50.11,互联网,深圳,         64.60亿
0.34,49.96,橡胶,云南,         11.26亿
1.33,49.89,汽车配件,浙江,         17.48亿
1.66,49.88,电气设备,深圳,         21.90亿
-0.13,49.78,陶瓷,广东,         19.68亿
1.13,49.78,医疗保健,江苏,          7.52亿
0.61,49.7,服饰,浙江,         52.50亿
0.39,49.7,元器件,深圳,        112.80亿
1.28,49.68,专用机械,江苏,          9.15亿
-2.13,49.62,化学制药,江苏,        153.15亿
3.46,49.61,专用机械,山西,         29.69亿
2.1,49.6,橡胶,深圳,         22.82亿
1.47,49.56,软件服务,上海,        293.33亿
0.17,49.55,矿物制品,山西,         65.38亿
2.15,49.53,元器件,广东,         15.07亿
2.82,49.52,化学制药,浙江,         11.20亿
1.06,49.39,染料涂料,福建,         30.67亿
1.86,49.38,塑料,安徽,         48.57亿
2.88,49.26,汽车配件,浙江,          6.55亿
0.45,49.1,电气设备,上海,         43.65亿
5.54,49.08,元器件,江苏,         18.70亿
0.29,49.06,机械基件,上海,         36.11亿
2.9,49.05,电气设备,北京,         18.59亿
1.75,49.03,软件服务,上海,         40.09亿
0.84,48.98,渔业,山东,         34.92亿
0,48.96,小金属,河南,        664.23亿
2.06,48.94,半导体,上海,        106.87亿
1.55,48.94,IT设备,上海,         25.12亿
5.34,48.92,通信设备,上海,         19.33亿
3.38,48.87,机场,广东,        373.31亿
2.39,48.81,软件服务,江苏,        101.95亿
1.75,48.81,软件服务,北京,         47.82亿
6.13,48.6,软件服务,北京,        156.36亿
1.51,48.54,环境保护,北京,        161.63亿
1.69,48.53,中成药,广西,         32.07亿
1.43,48.52,陶瓷,山东,        170.39亿
1.2,48.49,建筑工程,浙江,          8.50亿
4.85,48.38,专用机械,江苏,         50.09亿
3.95,48.33,半导体,深圳,         23.75亿
2,48.26,元器件,深圳,         11.74亿
2.46,48.21,化学制药,江苏,         35.47亿
5.63,48.15,软件服务,山东,         40.25亿
1.29,48.12,元器件,北京,        100.13亿
2.14,48,造纸,浙江,         24.50亿
2.72,47.93,航空,四川,         11.69亿
0.54,47.91,通信设备,广东,         57.53亿
1.73,47.89,元器件,深圳,         55.56亿
1.06,47.86,软件服务,北京,         53.56亿
2.26,47.79,汽车配件,浙江,         28.19亿
-0.28,47.73,电气设备,陕西,        185.04亿
0.26,47.68,化工原料,浙江,          8.20亿
9.99,47.62,机械基件,浙江,         51.74亿
2.72,47.57,软件服务,江苏,         54.36亿
0.67,47.53,食品,山东,         83.26亿
2.45,47.48,专用机械,深圳,         13.37亿
0.3,47.46,建筑工程,深圳,         17.59亿
0.45,47.44,医疗保健,浙江,         16.76亿
1.03,47.42,影视音像,广东,        860.12亿
0,47.39,互联网,福建,         50.98亿
0.82,47.35,造纸,广西,         18.49亿
2.14,47.34,软件服务,贵州,         25.86亿
0.75,47.26,种植业,甘肃,         17.29亿
0.83,47.25,生物制药,上海,         13.04亿
-0.17,47.22,化工原料,福建,         41.64亿
1.06,47.22,元器件,江苏,         18.65亿
2.9,47.22,软件服务,北京,         31.87亿
1.67,47.17,生物制药,北京,         59.68亿
2.56,47.14,专用机械,江苏,         13.64亿
5.12,47.1,化工原料,深圳,         10.05亿
1.54,47.09,化工原料,江苏,         24.33亿
0.74,47.07,公共交通,上海,         32.32亿
3.6,46.88,化学制药,海南,         69.32亿
1.3,46.85,区域地产,西藏,         40.66亿
-0.59,46.83,装修装饰,深圳,         34.40亿
0.51,46.74,煤炭开采,河南,         95.15亿
2.51,46.7,专用机械,上海,         18.51亿
1.59,46.67,软件服务,四川,         32.02亿
3.8,46.66,IT设备,深圳,         26.60亿
6.57,46.54,软件服务,西藏,         34.42亿
-0.15,46.51,塑料,上海,         40.37亿
2.52,46.48,供气供热,北京,         10.20亿
0.42,46.44,服饰,湖北,         25.63亿
7.92,46.38,IT设备,深圳,        168.24亿
1.35,46.24,专用机械,江苏,         15.77亿
2.21,46.21,铅锌,西藏,         45.85亿
2.34,46.18,广告包装,四川,          7.69亿
1.55,46.14,生物制药,安徽,        103.36亿
1.69,46.12,汽车配件,江苏,         48.12亿
3.21,46.08,元器件,江西,        137.00亿
1.12,46.06,证券,云南,        246.07亿
0.99,46.05,证券,陕西,        320.77亿
3.11,46.02,软件服务,上海,         85.78亿
-0.73,46.02,食品,福建,         86.96亿
0.86,46.01,小金属,福建,         71.43亿
1.49,45.86,石油开采,新疆,         21.86亿
1.5,45.85,半导体,浙江,         47.37亿
3.25,45.84,专用机械,安徽,         57.82亿
0.68,45.81,铅锌,河南,         48.52亿
0.33,45.79,生物制药,北京,        285.07亿
5,45.77,影视音像,浙江,         46.48亿
3.31,45.76,影视音像,湖南,        278.56亿
1.53,45.71,农业综合,福建,          6.89亿
1.91,45.71,小金属,北京,         69.59亿
1.01,45.7,生物制药,河南,         57.93亿
2.86,45.68,建筑工程,湖南,         39.51亿
2.78,45.61,软件服务,深圳,         42.07亿
1.5,45.59,综合类,深圳,        120.32亿
1.84,45.59,化工原料,深圳,          9.30亿
0.49,45.55,医疗保健,北京,         55.33亿
4.62,45.52,小金属,陕西,        103.22亿
0.55,45.49,乳制品,四川,         10.83亿
1.93,45.44,生物制药,上海,        366.96亿
2.38,45.39,航空,江苏,        152.71亿
2.32,45.29,建筑工程,浙江,          6.36亿
6.39,45.28,半导体,江苏,         55.59亿
-0.02,45.17,汽车配件,上海,         19.37亿
-1.91,45.14,医疗保健,深圳,        907.23亿
0.03,45.13,化学制药,四川,        235.77亿
1.44,45.12,影视音像,吉林,         65.64亿
3.11,45.09,水运,海南,         88.78亿
2.45,45.08,通信设备,江苏,         13.67亿
1.4,45.08,商贸代理,上海,         56.66亿
-1.89,45.07,元器件,江苏,          7.54亿
2.07,45.05,专用机械,安徽,         21.04亿
4.9,45.01,矿物制品,山东,         18.74亿
5.62,44.96,水运,上海,        378.38亿
3.61,44.94,元器件,深圳,        151.18亿
2.31,44.89,软件服务,福建,          9.42亿
2.84,44.88,半导体,江苏,         31.99亿
2.95,44.85,互联网,湖北,         36.49亿
1.14,44.81,电气设备,江苏,         16.08亿
0.49,44.8,化纤,江苏,         24.66亿
1.04,44.73,生物制药,广东,        121.53亿
0.88,44.71,服饰,深圳,          5.90亿
6.45,44.7,农用机械,安徽,         41.37亿
0.89,44.7,医疗保健,江苏,          8.36亿
1.7,44.64,软件服务,深圳,         45.22亿
0.3,44.59,酒店餐饮,北京,         31.00亿
1.45,44.57,轻工机械,天津,         21.22亿
1.97,44.42,专用机械,广东,         13.83亿
2.89,44.39,元器件,深圳,        265.46亿
1.4,44.35,家居用品,深圳,         35.57亿
3.02,44.35,化工原料,江苏,         45.05亿
4.96,44.31,玻璃,安徽,         43.81亿
0.9,44.3,石油开采,北京,        270.96亿
1.63,44.24,其他商业,深圳,         10.86亿
0.92,44.23,化工原料,上海,          5.10亿
0.04,44.23,食品,辽宁,        296.69亿
0.45,44.18,铝,江苏,         21.68亿
2.23,44.15,通信设备,上海,         35.46亿
-0.75,44.13,电气设备,福建,       1109.99亿
6.32,44.1,元器件,辽宁,          7.61亿
-0.68,44.01,电器仪表,深圳,         93.70亿
1.27,43.94,环境保护,山东,          5.39亿
4.75,43.82,机械基件,深圳,         37.88亿
1.1,43.8,啤酒,福建,         16.13亿
1.5,43.79,文教休闲,江苏,         28.06亿
2.24,43.76,全国地产,北京,         95.21亿
0.32,43.66,元器件,深圳,        981.63亿
1.38,43.6,电气设备,北京,         16.43亿
0.39,43.59,商贸代理,北京,         81.89亿
5.34,43.57,化学制药,西藏,         99.54亿
4.21,43.55,通信设备,江苏,         64.76亿
1.59,43.51,钢加工,北京,         63.85亿
2.32,43.51,影视音像,浙江,         27.82亿
1.28,43.49,影视音像,北京,         67.36亿
1.99,43.38,广告包装,上海,         42.67亿
-1.83,43.36,轻工机械,河北,         20.13亿
-0.24,43.35,小金属,四川,        121.48亿
0.95,43.3,铝,深圳,         20.97亿
1.88,43.29,软件服务,深圳,         15.04亿
0.62,43.27,塑料,深圳,         52.95亿
1.16,43.23,广告包装,云南,        207.97亿
1.9,43.22,电器仪表,广东,         28.70亿
-0.53,43.12,种植业,黑龙江,         25.39亿
2.57,43.1,出版业,广东,         58.76亿
2.43,43.1,化工原料,广东,         25.87亿
0.93,43.09,矿物制品,河南,         19.68亿
0.85,43.04,商贸代理,江苏,         33.22亿
-0.23,43.03,红黄酒,浙江,         68.89亿
2.42,43.02,电气设备,广东,         10.23亿
1.18,43,家居用品,江苏,         50.26亿
4.16,42.98,化学制药,安徽,         11.68亿
0,42.98,服饰,江苏,         82.58亿
4.68,42.97,影视音像,广东,         39.69亿
1.03,42.94,服饰,江苏,         16.99亿
1.16,42.93,电气设备,深圳,         44.73亿
6.01,42.9,电气设备,四川,         18.22亿
2.09,42.87,通信设备,山东,         86.27亿
2.24,42.86,元器件,广东,        361.29亿
1.08,42.82,塑料,安徽,         15.08亿
0,42.72,农业综合,深圳,         93.42亿
4.67,42.68,元器件,浙江,        197.36亿
1.98,42.67,专用机械,浙江,        252.38亿
4.93,42.64,染料涂料,浙江,          8.67亿
2.39,42.54,船舶,湖南,         42.09亿
1.04,42.51,建筑工程,江苏,         11.11亿
-1.2,42.5,文教休闲,上海,        454.39亿
2.5,42.47,互联网,深圳,         38.33亿
-0.1,42.45,轻工机械,深圳,        153.07亿
-1.9,42.44,石油贸易,深圳,         57.93亿
4.55,42.42,证券,深圳,        225.66亿
0.49,42.4,饲料,北京,        113.21亿
0.62,42.35,食品,湖南,         21.76亿
-0.31,42.35,染料涂料,福建,        152.22亿
0.73,42.32,电气设备,北京,         26.82亿
1.38,42.29,运输设备,北京,         11.52亿
2.46,42.28,汽车服务,北京,        107.84亿
3.08,42.27,电气设备,深圳,         81.12亿
2.07,42.27,通信设备,北京,         29.23亿
1.88,42.22,化学制药,山东,         55.39亿
0.99,42.19,电器仪表,上海,         22.74亿
0.71,42.18,化工原料,四川,         44.27亿
-1.36,42.16,汽车整车,福建,         43.93亿
1.7,42.14,广告包装,陕西,         25.09亿
-0.16,42.13,食品,山东,         22.52亿
-0.41,42.13,食品,广东,        306.47亿
-0.6,42.08,红黄酒,上海,         86.06亿
1.03,42.06,专用机械,江苏,          8.15亿
1.02,42.03,化工原料,吉林,         28.59亿
2.16,42.03,元器件,上海,         20.20亿
3.18,42,元器件,河南,          9.82亿
0.9,41.95,乳制品,甘肃,          8.29亿
0.14,41.91,中成药,福建,        619.73亿
1,41.9,化工原料,四川,         51.43亿
0.93,41.88,供气供热,新疆,         23.83亿
0.7,41.8,饲料,湖南,         67.03亿
4.94,41.71,半导体,上海,         72.11亿
1.38,41.7,百货,山东,         26.60亿
2.15,41.66,化工原料,广东,        104.12亿
3.13,41.65,通信设备,河南,         28.16亿
-1.56,41.64,电气设备,四川,         51.98亿
1.78,41.63,机床制造,浙江,         23.13亿
2.57,41.62,塑料,广东,          9.46亿
2.07,41.55,电气设备,湖南,         11.94亿
4,41.55,电器仪表,湖北,         81.32亿
0.54,41.54,专用机械,江苏,         11.69亿
4.55,41.46,软件服务,深圳,         60.66亿
-0.69,41.44,机械基件,浙江,          6.98亿
-0.28,41.41,机械基件,广东,         27.82亿
0.55,41.38,通信设备,河北,         56.88亿
-0.63,41.36,元器件,四川,         42.83亿
1.89,41.34,电器仪表,湖南,         16.69亿
3.52,41.32,元器件,湖南,        608.43亿
0.39,41.31,元器件,深圳,         20.30亿
2.98,41.3,医疗保健,深圳,         20.05亿
0.29,41.27,化学制药,重庆,         58.84亿
5.64,41.13,矿物制品,江苏,          6.66亿
2.44,41.07,化工原料,河南,         20.71亿
0.2,40.99,专用机械,江苏,        333.99亿
5.39,40.98,IT设备,广东,        362.33亿
2.13,40.97,化学制药,重庆,         11.61亿
9.97,40.96,服饰,广东,         34.75亿
2.92,40.96,元器件,深圳,         15.12亿
1.07,40.93,小金属,陕西,        243.61亿
1.78,40.92,通信设备,新疆,         15.01亿
0.39,40.86,农药化肥,云南,         67.79亿
1.25,40.81,化工原料,江苏,         32.13亿
0.25,40.79,通信设备,北京,         35.49亿
-2.84,40.77,橡胶,浙江,         11.01亿
10.02,40.72,证券,北京,        234.42亿
3.28,40.68,机械基件,四川,          7.62亿
2.16,40.66,元器件,广东,         14.48亿
1.63,40.64,区域地产,深圳,         49.33亿
-1.26,40.58,白酒,北京,        359.61亿
0.93,40.57,综合类,上海,         44.70亿
1.58,40.55,通信设备,北京,         47.10亿
2.63,40.53,汽车配件,浙江,          7.32亿
2.21,40.47,电气设备,陕西,         33.51亿
1.27,40.47,化学制药,江西,         13.16亿
1.94,40.46,元器件,福建,         41.07亿
3.94,40.42,元器件,深圳,         43.44亿
3.09,40.39,影视音像,北京,         42.57亿
0.34,40.35,生物制药,广东,         43.73亿
2.78,40.35,电器仪表,浙江,         38.38亿
0.55,40.34,水运,广东,         79.00亿
0.45,40.33,建筑工程,北京,         68.01亿
3.21,40.32,互联网,江苏,         42.00亿
1.87,40.26,电气设备,浙江,         14.05亿
9.98,40.24,文教休闲,北京,         34.51亿
1.15,40.16,服饰,福建,         11.75亿
2.55,40.16,食品,湖南,         13.50亿
2.04,40.13,化学制药,重庆,         33.63亿
8.96,40.11,互联网,北京,        173.96亿
2.5,40.08,通信设备,福建,        112.94亿
0,40.06,文教休闲,浙江,         20.52亿
-0.1,40.04,出版业,北京,         23.39亿
1.37,40.03,中成药,陕西,         18.10亿
1.13,40.01,港口,福建,         38.02亿
2.88,39.98,化工原料,江苏,         50.88亿
1.05,39.95,机械基件,深圳,         13.45亿
1.59,39.93,中成药,山东,         26.75亿
0.41,39.91,玻璃,湖北,         59.71亿
0.76,39.89,超市连锁,浙江,         54.51亿
1.17,39.86,证券,湖南,        571.31亿
2.32,39.83,电气设备,辽宁,         23.30亿
2.05,39.83,航空,新疆,         43.50亿
1.57,39.79,医药商业,上海,         20.26亿
0.81,39.77,互联网,山东,         64.03亿
1.19,39.76,环境保护,江苏,         11.39亿
1.24,39.73,小金属,海南,         50.51亿
0,39.64,汽车整车,北京,        136.11亿
0.68,39.61,机械基件,山东,          5.65亿
1.4,39.41,化纤,吉林,         40.34亿
2.26,39.39,环境保护,山东,          6.75亿
1.41,39.37,电器仪表,广东,          6.31亿
2.78,39.37,元器件,广东,        547.20亿
0.94,39.35,仓储物流,深圳,         20.31亿
1.95,39.35,其他建材,浙江,         12.51亿
4.59,39.31,软件服务,深圳,         36.22亿
0.44,39.31,化学制药,浙江,         72.03亿
2.22,39.25,家居用品,浙江,          5.80亿
3.48,39.24,互联网,江苏,        106.05亿
2.18,39.22,医疗保健,广东,         27.36亿
0.54,39.21,汽车配件,浙江,        175.30亿
1.65,39.19,软件服务,北京,         37.64亿
2.36,39.16,医疗保健,湖北,         10.54亿
2.21,39.13,软件服务,北京,         40.01亿
1.25,39.13,塑料,山东,         12.69亿
2.06,39.13,矿物制品,广东,          8.47亿
2.61,39.04,通信设备,四川,         23.01亿
4.24,39.02,化工原料,湖北,         66.33亿
0.71,38.99,造纸,湖南,         44.65亿
0.59,38.96,旅游景点,湖南,         16.95亿
1.49,38.95,通信设备,深圳,        359.58亿
0.24,38.95,红黄酒,浙江,         42.42亿
-0.22,38.92,黄金,内蒙,         64.62亿
4.14,38.91,元器件,深圳,        101.64亿
1.05,38.9,软饮料,江苏,         48.15亿
1.3,38.9,环境保护,重庆,         10.49亿
4.18,38.87,染料涂料,江苏,         23.22亿
0.09,38.87,染料涂料,上海,         14.64亿
-1.27,38.82,软件服务,浙江,         68.07亿
9.94,38.77,广告包装,江苏,         12.01亿
6.91,38.76,塑料,浙江,          6.37亿
0.46,38.73,矿物制品,江苏,         58.66亿
0.84,38.72,电信运营,北京,        304.33亿
-0.87,38.72,元器件,四川,         31.05亿
0.87,38.7,批发业,天津,         51.30亿
1.29,38.63,化工原料,江西,         54.59亿
-1,38.61,机械基件,福建,         55.54亿
2.1,38.53,元器件,河南,        423.89亿
0.55,38.53,专用机械,四川,         35.92亿
1.09,38.52,食品,福建,         19.71亿
0.74,38.46,化纤,河南,         51.54亿
1.33,38.44,中成药,重庆,         62.00亿
1.88,38.37,软件服务,北京,         31.03亿
1.05,38.35,汽车服务,福建,         25.55亿
1.04,38.35,中成药,陕西,          8.88亿
0.77,38.33,化工原料,四川,         21.48亿
1.96,38.33,百货,上海,         24.12亿
0.34,38.32,医疗保健,新疆,         57.82亿
0.37,38.31,电气设备,湖南,         25.68亿
2.23,38.26,建筑工程,广东,          9.24亿
1.04,38.23,航空,北京,         18.66亿
1.18,38.2,机械基件,江苏,         46.09亿
1.1,38.13,电气设备,陕西,         18.13亿
10.03,38.07,元器件,上海,        436.93亿
1.23,38.01,路桥,湖南,         20.57亿
1.02,37.95,软件服务,安徽,         33.28亿
0.62,37.94,食品,浙江,         23.99亿
2.19,37.93,元器件,深圳,         13.12亿
1.5,37.87,造纸,广东,          7.99亿
0.77,37.84,专用机械,浙江,         23.52亿
0.21,37.82,建筑工程,青海,         26.71亿
1.77,37.81,造纸,山东,         69.11亿
0.57,37.79,化学制药,陕西,        228.23亿
1.07,37.75,生物制药,深圳,         17.76亿
0.93,37.69,中成药,四川,         26.60亿
1.7,37.69,软件服务,北京,        624.11亿
1.71,37.69,半导体,深圳,         36.23亿
1.84,37.68,日用化工,广东,         10.27亿
0.77,37.67,普钢,内蒙,        414.97亿
3.43,37.66,元器件,福建,         54.90亿
6.7,37.61,汽车配件,上海,         35.91亿
-0.64,37.6,百货,浙江,         20.93亿
0.87,37.6,文教休闲,广东,         30.97亿
0.82,37.57,纺织机械,上海,         22.57亿
1.71,37.56,化工原料,四川,         54.77亿
1.99,37.52,家居用品,北京,         39.70亿
2.42,37.49,元器件,深圳,         23.23亿
1.53,37.49,塑料,浙江,         11.17亿
0.8,37.47,互联网,重庆,        358.52亿
0.83,37.42,化工原料,浙江,        141.94亿
1.57,37.4,机械基件,浙江,         28.40亿
1,37.4,影视音像,贵州,         24.87亿
1.95,37.37,农业综合,甘肃,         33.98亿
1.5,37.35,农药化肥,江苏,         11.74亿
-0.69,37.34,建筑工程,广东,         36.93亿
2.86,37.33,元器件,四川,         13.38亿
4.64,37.32,运输设备,山东,          7.53亿
3.87,37.31,化工原料,湖北,         38.37亿
0.52,37.3,家用电器,浙江,        461.26亿
1.57,37.28,农业综合,湖南,         24.84亿
1,37.27,通信设备,湖北,        291.01亿
3.56,37.24,专用机械,江苏,         17.57亿
-1.59,37.22,文教休闲,深圳,         79.42亿
1.29,37.18,化工原料,深圳,         77.98亿
0.51,37.17,建筑工程,山东,         18.12亿
0.27,37.11,生物制药,河南,        409.11亿
1.59,37.11,医疗保健,浙江,         14.15亿
0.66,37.1,化工原料,山东,        136.75亿
1.42,37.1,电信运营,广东,         19.81亿
1.71,37.05,建筑工程,深圳,         11.06亿
10.02,37.04,互联网,浙江,        118.53亿
2.61,37,元器件,江苏,        411.10亿
2.31,36.9,半导体,深圳,         23.58亿
2.3,36.85,汽车配件,福建,         20.79亿
1.26,36.72,医疗保健,江苏,          7.93亿
3.69,36.71,广告包装,广东,         30.37亿
5.95,36.69,软件服务,四川,         45.77亿
3.44,36.66,元器件,上海,         63.13亿
2.38,36.66,机械基件,浙江,          7.22亿
1.86,36.65,电气设备,江苏,         22.77亿
0,36.64,房产服务,广东,         53.16亿
1.29,36.64,园区开发,上海,        230.29亿
-0.72,36.64,农业综合,广东,         31.08亿
4.5,36.56,医疗保健,广东,         28.35亿
1.04,36.56,化工原料,四川,          8.81亿
3.6,36.54,元器件,广东,         52.00亿
1.35,36.42,机械基件,浙江,          5.35亿
2.09,36.4,半导体,湖北,         35.34亿
1.46,36.36,中成药,甘肃,         35.39亿
2.74,36.32,中成药,广东,         44.58亿
2.74,36.26,综合类,浙江,        139.11亿
1.8,36.21,医疗保健,江西,         11.05亿
3.23,36.2,互联网,浙江,        120.45亿
1.74,36.17,工程机械,山东,         37.10亿
0.76,36.17,元器件,深圳,          8.51亿
2.22,36.16,工程机械,江苏,         27.86亿
0.5,36.12,港口,辽宁,        156.26亿
-0.17,36.09,文教休闲,上海,         44.82亿
1.27,36.05,家居用品,福建,          8.17亿
4.34,35.9,通信设备,江西,         11.28亿
3.57,35.8,环境保护,四川,         27.78亿
1.05,35.79,汽车配件,广东,         36.54亿
1.24,35.79,电器仪表,江苏,         13.63亿
2.11,35.79,中成药,湖南,         32.91亿
1.27,35.77,钢加工,山东,          8.05亿
0.22,35.73,文教休闲,福建,         30.48亿
5.11,35.73,电气设备,深圳,         18.18亿
10,35.72,专用机械,广东,         33.94亿
4.5,35.71,电器仪表,北京,         15.01亿
2.26,35.71,建筑工程,湖北,         15.84亿
0.71,35.65,纺织,江苏,         22.56亿
1.2,35.57,电气设备,江苏,         28.35亿
0.34,35.56,生物制药,新疆,         18.06亿
4.74,35.55,汽车配件,江苏,        251.85亿
-0.37,35.55,医药商业,广东,         42.28亿
0.75,35.54,石油加工,湖南,         22.85亿
1.9,35.51,机械基件,江苏,         14.24亿
-1.3,35.51,白酒,贵州,      14420.15亿
0.53,35.51,超市连锁,福建,        720.53亿
10,35.48,家用电器,广东,         19.82亿
2.29,35.44,电气设备,河北,        171.10亿
5.54,35.39,综合类,北京,         27.29亿
1.3,35.38,影视音像,江苏,        174.27亿
0.98,35.29,电气设备,江苏,          7.94亿
1,35.25,家居用品,广东,         10.46亿
1.65,35.24,水力发电,重庆,         79.74亿
1.49,35.2,纺织,福建,         14.80亿
1.21,35.19,家用电器,广东,         16.01亿
0.78,35.17,医药商业,湖南,        172.22亿
6.66,35.15,电气设备,广东,        458.95亿
9.98,35.14,证券,江苏,        190.85亿
2.6,35.11,生物制药,广东,         38.98亿
2.42,35.09,广告包装,广东,         49.57亿
2.6,35.08,家用电器,山东,        123.78亿
-0.73,35.04,化学制药,山东,        107.51亿
3.39,35.03,元器件,深圳,         94.27亿
3.28,35,电气设备,福建,          8.22亿
7.53,34.98,软件服务,北京,        316.69亿
5,34.98,食品,江苏,        116.91亿
1.44,34.93,软件服务,上海,         34.05亿
0.59,34.9,石油加工,新疆,         53.08亿
9.98,34.81,IT设备,江苏,         10.92亿
7.1,34.76,电器仪表,浙江,         15.08亿
1.47,34.74,化工原料,上海,          8.12亿
1.92,34.72,塑料,广东,         46.24亿
1.45,34.71,元器件,安徽,         40.32亿
-0.11,34.68,酒店餐饮,江苏,         27.69亿
5.64,34.68,专用机械,山东,         38.88亿
-0.52,34.67,家用电器,江苏,         19.95亿
4.78,34.62,IT设备,广东,         41.53亿
6.49,34.62,广告包装,广东,          8.16亿
0,34.61,空运,海南,        276.12亿
0.93,34.61,专用机械,广东,          8.88亿
0.26,34.59,软件服务,四川,         34.18亿
1.4,34.5,纺织,江苏,         38.88亿
0.39,34.49,黄金,山东,        109.18亿
0.95,34.4,通信设备,福建,         74.73亿
2.41,34.33,软件服务,江苏,         67.70亿
1.22,34.23,影视音像,上海,         55.76亿
3.42,34.19,互联网,江苏,        212.00亿
1.44,34.19,元器件,湖南,         29.50亿
1.2,34.18,航空,湖北,        142.16亿
-1.26,34.15,机械基件,浙江,         10.06亿
1.47,34.13,环境保护,云南,          9.11亿
3.97,34.11,软件服务,北京,        171.46亿
0.55,34.11,其他建材,北京,         15.51亿
2.49,34.09,通信设备,北京,         28.79亿
0.73,34.07,食品,安徽,        181.91亿
1.06,34.02,半导体,天津,        306.70亿
2.09,34,软件服务,江苏,        617.80亿
1.05,33.97,专用机械,江苏,         21.58亿
0.93,33.96,园区开发,吉林,         30.37亿
0.98,33.95,化学制药,浙江,        219.15亿
0.63,33.92,电气设备,黑龙江,         18.29亿
-0.78,33.92,白酒,山西,        762.03亿
3.71,33.89,软件服务,北京,        122.84亿
3.08,33.85,电器仪表,深圳,         15.79亿
1.42,33.83,机械基件,江苏,         35.50亿
2.38,33.81,专用机械,浙江,         31.18亿
2.38,33.79,生物制药,湖北,         14.09亿
-0.12,33.79,医疗保健,山东,        130.30亿
1.63,33.7,互联网,浙江,         61.98亿
2.49,33.62,化工原料,河北,         26.07亿
1.43,33.6,专用机械,深圳,         71.53亿
2.05,33.59,元器件,深圳,         34.85亿
1.24,33.59,综合类,江苏,         41.66亿
2.37,33.58,元器件,江苏,         11.00亿
3.72,33.52,通信设备,福建,        206.35亿
-6,33.52,啤酒,重庆,        265.41亿
1.22,33.48,家居用品,浙江,         11.04亿
-1.03,33.44,生物制药,重庆,        430.27亿
3.71,33.33,航空,湖北,        251.87亿
1.47,33.31,汽车配件,浙江,         10.26亿
0.8,33.31,机械基件,辽宁,         24.94亿
-1.3,33.3,中成药,贵州,         85.05亿
1.99,33.3,专用机械,广东,          6.78亿
2.05,33.25,电器仪表,湖北,        205.06亿
2.68,33.25,元器件,深圳,         65.62亿
2.48,33.24,医疗保健,上海,         95.89亿
-1.31,33.23,工程机械,江苏,        406.43亿
1.04,33.18,专用机械,江西,         27.02亿
-0.11,33.17,白酒,甘肃,         67.05亿
1.9,33.16,造纸,广东,         40.94亿
4.01,33.12,电气设备,浙江,         75.06亿
1.12,33.06,电气设备,黑龙江,         12.98亿
3.18,33.06,元器件,浙江,         64.68亿
0.96,33.03,软件服务,江苏,         40.86亿
2.51,32.96,生物制药,江西,        139.92亿
9.98,32.91,电气设备,江苏,         63.69亿
1.8,32.89,家用电器,安徽,         29.56亿
1.6,32.89,旅游服务,北京,         30.37亿
0.17,32.86,其他建材,江苏,          9.29亿
3.72,32.84,软件服务,上海,        114.21亿
1.59,32.78,机械基件,四川,         14.48亿
0.9,32.78,中成药,广东,         32.94亿
1.82,32.76,家居用品,浙江,          5.14亿
1.03,32.74,证券,山西,        221.77亿
1.84,32.74,建筑工程,湖北,          8.85亿
2.77,32.72,化学制药,江苏,         13.52亿
3.18,32.72,园区开发,上海,        196.77亿
1.49,32.7,食品,山东,         66.74亿
2.67,32.69,机械基件,江苏,         24.98亿
1.3,32.67,电器仪表,江苏,         20.48亿
2.43,32.64,矿物制品,北京,         94.16亿
1.3,32.64,医疗保健,江苏,         15.52亿
-0.09,32.62,环境保护,江苏,         41.58亿
2.66,32.62,证券,浙江,        111.79亿
3.5,32.6,汽车配件,江苏,         42.45亿
1.11,32.59,专用机械,四川,         23.98亿
0.71,32.59,公共交通,上海,         43.81亿
1.15,32.58,文教休闲,北京,         28.84亿
2.13,32.58,供气供热,新疆,         11.77亿
1.05,32.55,航空,江苏,        146.83亿
0.56,32.54,食品,海南,         21.93亿
2.01,32.53,机床制造,浙江,         32.78亿
2.75,32.51,仓储物流,广东,         20.59亿
9.99,32.51,化工原料,广东,          9.64亿
5.42,32.48,元器件,深圳,         18.15亿
2.44,32.48,元器件,江西,         67.01亿
1.1,32.44,汽车服务,北京,         29.76亿
1.2,32.43,影视音像,浙江,         13.18亿
1.89,32.39,汽车配件,江苏,         12.63亿
3.53,32.39,化工机械,黑龙江,         86.83亿
1.86,32.37,通信设备,湖北,         44.41亿
1.28,32.33,环境保护,天津,         28.94亿
1.22,32.3,中成药,上海,         31.87亿
1.29,32.27,专用机械,安徽,          9.43亿
2.77,32.25,铝,云南,        125.64亿
4.96,32.23,通信设备,广东,         47.35亿
1.63,32.22,化纤,山东,         64.87亿
1.12,32.22,化工原料,浙江,          5.90亿
5.78,32.21,工程机械,江苏,         55.03亿
0.98,32.17,化学制药,四川,         16.28亿
1.87,32.16,塑料,江苏,          6.72亿
1.66,32.15,商贸代理,江苏,         26.82亿
2.11,32.1,机械基件,江苏,         12.43亿
3.92,32.1,中成药,青海,         63.93亿
0.93,32.1,建筑工程,福建,         18.54亿
0.33,32.09,汽车配件,山东,          8.72亿
1.07,32.09,环境保护,重庆,         44.27亿
1.64,32.07,水运,上海,        169.09亿
0.49,32.07,机械基件,浙江,          7.03亿
5.78,32.05,元器件,广东,         49.47亿
1.54,32.03,电气设备,浙江,         22.92亿
2.2,32.03,仓储物流,天津,        112.63亿
0.75,32.02,其他商业,安徽,         38.50亿
0.85,32,供气供热,上海,        114.17亿
2.3,31.94,专用机械,四川,         11.92亿
2.12,31.94,运输设备,内蒙,        101.91亿
3.48,31.92,仓储物流,江苏,         38.03亿
-0.32,31.92,化纤,浙江,        726.45亿
0.49,31.92,生物制药,山东,         11.34亿
9.99,31.88,化工原料,河北,         31.50亿
-1.88,31.88,食品,湖南,        113.18亿
4.05,31.86,造纸,浙江,          7.30亿
0.89,31.85,汽车配件,浙江,         49.96亿
2.44,31.84,元器件,浙江,         14.52亿
2.62,31.79,软件服务,北京,         62.97亿
0.93,31.72,港口,重庆,         30.01亿
1.81,31.68,互联网,浙江,         47.97亿
2.91,31.64,焦炭加工,山西,        320.58亿
-1.46,31.64,白酒,四川,        269.54亿
1.74,31.64,电气设备,河北,          9.05亿
-0.19,31.62,机械基件,浙江,        389.39亿
0.61,31.61,环境保护,江苏,         53.84亿
3.89,31.59,IT设备,广东,        210.86亿
1.86,31.58,影视音像,广东,         11.04亿
3.49,31.58,玻璃,浙江,         16.44亿
3.23,31.56,环境保护,内蒙,         39.68亿
0.72,31.52,影视音像,北京,        295.35亿
3.29,31.51,港口,广东,         50.96亿
2.2,31.43,汽车配件,广东,         12.27亿
0.62,31.41,中成药,北京,        356.03亿
-0.29,31.41,特种钢,青海,         36.27亿
1.39,31.39,电信运营,北京,       1233.64亿
1.05,31.38,证券,安徽,        256.31亿
1.73,31.38,橡胶,浙江,         31.07亿
0.37,31.32,陶瓷,广东,         21.57亿
1.65,31.29,公路,福建,         19.14亿
2.18,31.28,房产服务,深圳,         38.14亿
1.05,31.27,环境保护,北京,         20.45亿
0.4,31.23,化工原料,山西,         15.13亿
1.82,31.22,超市连锁,山东,        146.26亿
0.86,31.21,玻璃,安徽,         13.30亿
0.61,31.21,化工原料,湖北,         28.50亿
2.55,31.18,互联网,浙江,         57.96亿
0.74,31.16,电气设备,江苏,         22.39亿
-0.19,31.15,纺织,湖南,         25.83亿
4.87,31.13,汽车配件,江苏,         32.72亿
4.75,31.12,通信设备,江苏,        280.48亿
1.29,31.08,饲料,新疆,        125.02亿
1.43,31.08,电气设备,江苏,         38.86亿
-0.11,31.07,食品,重庆,        211.33亿
1.47,31.05,电气设备,深圳,          8.73亿
4.62,30.98,元器件,广东,         62.32亿
1.72,30.92,通信设备,广西,         20.84亿
2.03,30.86,元器件,湖南,         21.13亿
0.63,30.81,环境保护,江苏,         81.48亿
1.69,30.8,中成药,湖南,         41.25亿
1.06,30.8,软件服务,广西,         62.51亿
1,30.77,造纸,福建,         46.58亿
1.09,30.75,证券,上海,        579.66亿
1.33,30.73,电气设备,福建,         10.13亿
2.42,30.73,建筑工程,福建,          8.96亿
1.38,30.72,生物制药,天津,         35.73亿
3.45,30.69,软件服务,深圳,         26.09亿
0,30.69,仓储物流,上海,         26.33亿
2.14,30.64,软件服务,广东,         55.80亿
3,30.62,医疗保健,四川,         83.25亿
2.05,30.61,软件服务,浙江,         52.17亿
1.17,30.6,机场,深圳,        195.85亿
1.28,30.59,专用机械,江苏,         20.36亿
0.9,30.58,港口,深圳,        108.37亿
-0.05,30.56,中成药,西藏,        111.54亿
1,30.55,港口,辽宁,         53.74亿
1.08,30.48,化工原料,安徽,         15.97亿
1.02,30.45,食品,内蒙,         23.96亿
2.19,30.45,电气设备,湖北,        225.66亿
2.27,30.45,互联网,北京,         14.08亿
0.45,30.39,化工原料,贵州,         22.16亿
2.41,30.38,专用机械,浙江,        179.15亿
2.99,30.31,化工原料,江苏,         20.33亿
1.23,30.31,仓储物流,上海,         27.02亿
0.96,30.29,影视音像,上海,         29.76亿
0.83,30.28,小金属,云南,         63.91亿
2.58,30.27,石油开采,天津,        530.52亿
-1.93,30.25,家居用品,广东,         47.02亿
-0.28,30.24,农药化肥,青海,         33.71亿
0.81,30.23,建筑工程,北京,         44.17亿
4.22,30.23,专用机械,辽宁,          8.61亿
5.05,30.18,专用机械,湖北,         22.67亿
2.59,30.13,元器件,广东,         24.67亿
2.53,30.12,化工原料,云南,         11.37亿
1.46,30.11,文教休闲,福建,          6.07亿
-0.95,30.11,多元金融,江西,         90.61亿
2.33,30.07,互联网,青海,         40.31亿
1.41,30.07,塑料,浙江,        237.52亿
0.94,30.06,服饰,广东,         10.23亿
-4.44,30.06,旅游服务,北京,       1681.47亿
1.52,30.04,专用机械,江苏,         15.27亿
0.61,30.03,食品,江西,         74.63亿
1.06,30.01,中成药,贵州,         62.30亿
1.21,29.99,机械基件,江西,         16.11亿
-1.15,29.97,化学制药,新疆,        121.44亿
2.97,29.97,IT设备,北京,         82.43亿
1.77,29.96,化工原料,河南,         45.42亿
1.62,29.96,软件服务,江苏,         43.05亿
1.28,29.94,医疗保健,上海,         37.13亿
2.45,29.93,塑料,江苏,         39.20亿
1.57,29.91,摩托车,浙江,         27.50亿
-0.53,29.9,白酒,四川,       4890.09亿
1.11,29.87,食品,湖南,         34.36亿
2.46,29.86,电气设备,浙江,          7.24亿
1.63,29.86,超市连锁,北京,         24.83亿
1.74,29.81,电气设备,浙江,         13.90亿
2.7,29.79,汽车配件,浙江,          8.27亿
2.26,29.75,电器仪表,江西,         45.12亿
1.43,29.74,化工原料,安徽,         26.61亿
2.03,29.73,医疗保健,广东,         16.22亿
1.6,29.73,元器件,浙江,         21.32亿
1.71,29.68,电气设备,广东,          8.46亿
0.93,29.66,家用电器,山东,         31.64亿
1.82,29.65,饲料,福建,         19.13亿
1.66,29.64,电气设备,江苏,         20.16亿
2.59,29.64,元器件,深圳,         72.84亿
1.24,29.64,建筑工程,西藏,          9.40亿
2.55,29.61,染料涂料,上海,         60.47亿
2.36,29.6,电气设备,河南,        105.15亿
1.09,29.57,环境保护,贵州,         27.46亿
1.11,29.56,农业综合,河南,         28.99亿
1.13,29.54,汽车配件,浙江,          6.77亿
0.86,29.51,汽车配件,天津,         15.36亿
1.76,29.49,化工原料,上海,         10.58亿
1.74,29.46,中成药,陕西,         11.82亿
0.88,29.43,建筑工程,江苏,          9.36亿
1.51,29.42,医疗保健,浙江,         85.05亿
1.15,29.4,服饰,山东,         33.62亿
1.74,29.4,化学制药,天津,         39.94亿
2.75,29.39,建筑工程,深圳,          8.16亿
1.39,29.38,软件服务,北京,         24.14亿
2.64,29.36,医疗保健,湖北,          9.70亿
-0.18,29.29,生物制药,北京,         55.94亿
-0.54,29.28,医疗保健,湖南,         64.73亿
3.14,29.25,电气设备,江苏,         11.33亿
2.75,29.18,元器件,贵州,        115.33亿
1.76,29.17,证券,重庆,        261.37亿
3.21,29.14,医疗保健,广东,         11.59亿
0.98,29.13,文教休闲,山东,         10.62亿
1.83,29.13,化工原料,河南,          6.07亿
5.08,29.1,元器件,湖北,         48.36亿
0.53,29.1,化工原料,贵州,         22.04亿
1.6,29.09,纺织,浙江,          5.69亿
0.39,29.07,建筑工程,深圳,         96.60亿
0.63,29.07,出版业,北京,         21.15亿
0.1,29.06,机床制造,江苏,         11.35亿
4,29.03,染料涂料,辽宁,          9.71亿
-0.64,28.98,纺织,安徽,         20.09亿
0.67,28.97,工程机械,江苏,         23.53亿
2.26,28.95,电气设备,浙江,         37.59亿
0.64,28.94,化学制药,吉林,         44.68亿
2.42,28.94,仓储物流,深圳,        614.71亿
1.75,28.93,环境保护,上海,         17.45亿
0.02,28.88,出版业,天津,         30.94亿
0.57,28.87,乳制品,北京,         46.64亿
1.07,28.86,汽车配件,天津,         29.75亿
0.92,28.83,电器仪表,北京,         17.10亿
-1.26,28.81,农药化肥,山东,         29.41亿
0.48,28.79,化工原料,江苏,         24.90亿
-1.38,28.79,汽车配件,河南,         23.65亿
2.91,28.75,医药商业,湖北,         31.74亿
-0.16,28.7,造纸,广东,        161.94亿
0.07,28.69,医疗保健,四川,        107.04亿
2.44,28.64,新型电力,福建,         33.58亿
1.53,28.62,机械基件,贵州,         77.64亿
1.2,28.6,软件服务,山东,         49.49亿
3,28.6,环境保护,上海,          6.83亿
0.87,28.59,家居用品,福建,          6.92亿
-0.47,28.56,黄金,内蒙,        156.41亿
0.76,28.54,文教休闲,北京,          9.61亿
4.94,28.54,电器仪表,河南,         37.16亿
0.36,28.54,日用化工,上海,        205.67亿
1.58,28.52,通信设备,湖北,         34.92亿
0.41,28.52,玻璃,重庆,         51.09亿
1.69,28.51,IT设备,北京,        267.34亿
1.27,28.49,化学制药,山西,         12.88亿
3.55,28.47,专用机械,江苏,         38.75亿
-0.56,28.43,机场,上海,        859.36亿
-2.94,28.42,建筑工程,浙江,         21.84亿
1.36,28.4,化工原料,四川,         33.56亿
4.85,28.39,汽车配件,浙江,         34.66亿
4.04,28.38,元器件,广东,        133.74亿
1.66,28.36,电气设备,北京,         43.75亿
-0.89,28.34,汽车配件,广西,         32.80亿
1.28,28.32,中成药,吉林,         14.46亿
1.01,28.29,电气设备,山东,         36.87亿
0.64,28.29,汽车配件,浙江,          5.99亿
1.8,28.24,文教休闲,深圳,         18.76亿
0.69,28.24,医疗保健,深圳,         24.89亿
1.81,28.21,IT设备,山东,         80.04亿
1.67,28.18,环境保护,浙江,         16.98亿
-0.25,28.17,饲料,北京,        102.10亿
2.05,28.17,环境保护,深圳,         26.72亿
1.69,28.16,造纸,广东,         30.94亿
0.51,28.15,软饮料,吉林,         18.70亿
0.75,28.1,汽车配件,江苏,         29.05亿
0.1,28.06,食品,广东,         37.77亿
4.07,28.06,专用机械,浙江,         13.31亿
0.72,28.05,电器仪表,浙江,       2594.18亿
1.3,28.05,机械基件,浙江,         30.36亿
2.12,28.05,医疗保健,上海,         21.63亿
0,28.04,生物制药,吉林,        257.30亿
1.41,28.03,影视音像,江苏,         32.14亿
0.62,28.02,机械基件,上海,         47.15亿
-0.44,28.01,化学制药,浙江,        156.89亿
0,28,区域地产,北京,         89.55亿
1.22,28,通信设备,深圳,        352.13亿
1.42,27.96,机械基件,安徽,         12.42亿
2.96,27.96,半导体,江苏,        135.48亿
0.21,27.93,农药化肥,四川,         76.05亿
0.14,27.89,铜,广东,         18.44亿
1.25,27.87,中成药,湖南,         47.52亿
2.65,27.86,IT设备,江苏,         64.64亿
0.94,27.85,环境保护,湖南,         33.31亿
-3.75,27.84,化学制药,浙江,        133.67亿
2.12,27.82,元器件,江苏,         58.95亿
1.87,27.82,电气设备,浙江,         58.05亿
-0.05,27.81,元器件,湖南,         80.50亿
1.47,27.8,特种钢,江苏,        137.26亿
3,27.77,矿物制品,湖南,         70.41亿
4.35,27.74,电器仪表,浙江,         17.41亿
0.54,27.73,食品,湖北,        246.07亿
0.78,27.73,玻璃,浙江,          6.19亿
0.36,27.7,白酒,河北,         92.12亿
3.71,27.66,专用机械,江苏,         21.71亿
6.4,27.56,元器件,广东,        194.83亿
2.86,27.56,元器件,深圳,         42.46亿
1.6,27.54,证券,浙江,        245.00亿
0.77,27.51,区域地产,安徽,         33.31亿
0.52,27.48,汽车配件,上海,         21.09亿
2.17,27.45,多元金融,陕西,        168.07亿
0.28,27.45,汽车配件,江苏,         19.58亿
0.86,27.45,矿物制品,福建,         24.20亿
1.65,27.39,专用机械,深圳,         12.77亿
1.28,27.34,纺织机械,浙江,         24.27亿
2.77,27.3,商贸代理,山东,         25.12亿
1.81,27.28,电气设备,浙江,         48.62亿
1.62,27.25,装修装饰,深圳,         29.19亿
2.88,27.24,元器件,陕西,         67.58亿
0.42,27.2,农业综合,河北,         58.05亿
1.88,27.19,运输设备,广东,         77.97亿
0.81,27.19,仓储物流,江苏,         23.74亿
2.22,27.17,纺织机械,北京,         31.33亿
0.88,27.15,百货,上海,         36.05亿
1.55,27.13,IT设备,北京,        412.06亿
4.39,27.1,化工原料,辽宁,         85.43亿
1.46,27.1,化学制药,广东,         17.43亿
0.72,27.07,纺织,福建,         33.65亿
1.12,27.04,影视音像,北京,         21.83亿
0.84,27.03,供气供热,重庆,        112.03亿
4.01,27.02,化工原料,山东,        132.01亿
0.39,27.01,机械基件,云南,         45.59亿
0.27,27.01,广告包装,贵州,         16.90亿
-0.34,26.99,元器件,江苏,         35.89亿
2.04,26.98,医疗保健,北京,        493.21亿
1.71,26.97,汽车配件,山东,         24.78亿
2.04,26.97,软件服务,江苏,         35.66亿
2.3,26.95,电气设备,深圳,         27.23亿
1.42,26.95,机械基件,浙江,         45.42亿
3.09,26.89,化工原料,四川,         24.52亿
2.67,26.86,化工原料,黑龙江,         19.41亿
3.53,26.82,仓储物流,浙江,        180.52亿
2.06,26.82,化工原料,山东,         10.92亿
1.36,26.77,铝,新疆,         37.49亿
2.38,26.72,半导体,福建,         15.65亿
2.09,26.71,通信设备,深圳,         94.56亿
-0.5,26.68,其他建材,广东,         48.01亿
1.08,26.66,化工原料,宁夏,         22.79亿
1.72,26.66,建筑工程,江苏,         41.15亿
3.55,26.65,化学制药,天津,         47.89亿
1.52,26.65,农药化肥,山东,         75.76亿
1.71,26.64,新型电力,北京,         59.39亿
0.77,26.61,装修装饰,江苏,         13.96亿
2.15,26.58,电气设备,上海,         19.25亿
0.67,26.57,化学制药,四川,        232.52亿
1.38,26.56,广告包装,上海,          9.84亿
1.71,26.56,机械基件,江苏,         12.54亿
1.24,26.55,证券,广西,        206.14亿
0.69,26.55,园区开发,北京,         49.11亿
3.96,26.5,汽车配件,浙江,         92.63亿
0.24,26.48,电气设备,深圳,         53.63亿
1.2,26.47,中成药,湖北,         25.91亿
0.97,26.46,化学制药,湖北,         20.16亿
3.52,26.46,元器件,福建,        102.57亿
-0.55,26.45,啤酒,广东,         98.49亿
0.6,26.42,多元金融,海南,         18.34亿
4.11,26.41,元器件,广东,        123.14亿
-0.04,26.4,化学制药,山东,         54.18亿
1.74,26.4,化工机械,山东,        221.52亿
1.04,26.39,化学制药,辽宁,         55.74亿
2.29,26.36,中成药,浙江,        166.29亿
6.62,26.34,影视音像,浙江,        465.02亿
1.56,26.27,服饰,北京,         25.89亿
1.48,26.27,综合类,浙江,         19.15亿
0.68,26.27,汽车配件,上海,         36.94亿
2.19,26.26,广告包装,深圳,        104.30亿
1.15,26.19,服饰,广东,         23.96亿
0.59,26.18,食品,天津,         24.00亿
1.31,26.17,专用机械,浙江,         13.34亿
0.76,26.16,化学制药,北京,        283.21亿
0,26.14,服饰,浙江,         39.82亿
2.31,26.12,电气设备,江西,         48.62亿
1.54,26.12,家居用品,上海,          7.29亿
0.6,26.11,环境保护,北京,         58.17亿
1.33,26.09,化工原料,江苏,         11.99亿
-0.19,26.09,专用机械,深圳,         63.00亿
1.47,26.06,化工原料,上海,         29.15亿
1.08,26.04,化工原料,湖南,         25.99亿
1.15,26.04,专用机械,浙江,          5.74亿
-2.85,26.02,饲料,广东,        481.58亿
2.46,26,机械基件,江苏,         27.40亿
6.53,26,电气设备,上海,        520.36亿
1.88,26,电气设备,上海,        208.11亿
5.71,25.99,互联网,江苏,         20.49亿
2.93,25.99,半导体,浙江,         12.93亿
4.21,25.98,铝,广东,        225.24亿
0.97,25.93,汽车配件,浙江,        143.71亿
7.51,25.93,互联网,福建,        133.87亿
0.76,25.89,旅游景点,广西,         18.97亿
3.12,25.87,食品,广西,         10.51亿
6.82,25.83,互联网,安徽,        334.41亿
-1.31,25.82,白酒,安徽,        456.68亿
0.7,25.8,汽车配件,江苏,         19.39亿
1.81,25.79,渔业,广西,         12.38亿
-2.29,25.79,房产服务,浙江,          7.44亿
8.3,25.75,电器仪表,浙江,         42.02亿
4.05,25.73,专用机械,江苏,         30.48亿
0.62,25.69,化工原料,新疆,        139.08亿
1.6,25.66,塑料,山东,         12.87亿
0.81,25.64,百货,上海,         24.81亿
1.7,25.63,电器仪表,河北,         14.35亿
-0.19,25.63,专用机械,浙江,         22.39亿
2.57,25.62,元器件,北京,         20.27亿
0.33,25.57,化学制药,深圳,        228.86亿
1.05,25.56,通信设备,深圳,       1151.96亿
1,25.53,染料涂料,重庆,         21.81亿
4.52,25.52,电气设备,湖南,         26.35亿
3.81,25.51,特种钢,辽宁,         59.16亿
-1.56,25.49,机械基件,广东,         34.90亿
2.08,25.44,专用机械,湖北,         28.50亿
1.61,25.41,电气设备,广东,         62.00亿
0,25.41,纺织,福建,          5.98亿
10.03,25.4,元器件,广东,         69.48亿
2.61,25.39,服饰,福建,         22.52亿
3.11,25.38,元器件,福建,        103.00亿
-1.02,25.38,服饰,浙江,         29.29亿
0.11,25.32,电气设备,浙江,         20.70亿
1.34,25.26,白酒,四川,         99.68亿
2.04,25.24,电器仪表,浙江,          9.18亿
0.34,25.22,石油开采,北京,         54.65亿
1.11,25.22,化工原料,新疆,         29.90亿
0.83,25.21,铜,云南,        172.80亿
1.6,25.21,家居用品,江苏,          9.42亿
1.46,25.2,机械基件,山东,         10.35亿
1.76,25.2,化学制药,安徽,         16.50亿
7.02,25.17,广告包装,山东,         69.06亿
0.06,25.12,电气设备,福建,         36.60亿
1.31,25.12,旅游景点,浙江,        344.27亿
0.62,25.11,医疗保健,山东,         83.44亿
0,25.1,电气设备,青海,        107.64亿
0.68,25.06,钢加工,河南,         36.82亿
0.98,25.06,供气供热,陕西,         79.85亿
2.3,25.01,专用机械,河南,         33.02亿
-0.25,25.01,黄金,福建,        759.26亿
1.48,25.01,运输设备,浙江,          6.20亿
4.19,24.99,元器件,深圳,         30.73亿
1.14,24.99,化工原料,湖北,         69.65亿
0,24.98,铜,安徽,        210.33亿
0.3,24.95,环境保护,北京,        188.19亿
2.21,24.94,其他建材,深圳,         31.34亿
4.55,24.93,元器件,深圳,        306.88亿
1.72,24.93,港口,江苏,         28.27亿
0.94,24.92,化工原料,山东,         11.30亿
1.35,24.92,专用机械,浙江,          6.03亿
4.96,24.91,专用机械,广东,          6.36亿
2,24.91,仓储物流,广东,          8.68亿
1.74,24.89,工程机械,山东,         47.63亿
1.36,24.88,电器连锁,深圳,        100.07亿
-1.95,24.84,超市连锁,湖南,         78.01亿
10.03,24.84,元器件,安徽,        231.52亿
3.02,24.84,元器件,天津,         14.38亿
1.91,24.81,影视音像,北京,        289.20亿
2.14,24.81,机械基件,江苏,         13.58亿
1,24.8,钢加工,湖南,         10.21亿
1.29,24.78,化工原料,贵州,         10.48亿
0.88,24.77,纺织,浙江,          8.08亿
1.47,24.77,化工原料,江苏,         11.57亿
0.93,24.76,服饰,浙江,         34.97亿
1.84,24.72,化工原料,广东,          8.39亿
0.16,24.72,区域地产,上海,        140.01亿
-0.69,24.72,乳制品,内蒙,       1797.97亿
1.01,24.72,汽车配件,江苏,         18.23亿
2.55,24.72,专用机械,浙江,          5.12亿
0.3,24.69,保险,湖北,        291.32亿
1.78,24.69,化工原料,广东,         23.23亿
2.88,24.69,化工原料,江西,         16.87亿
0.14,24.67,化工原料,天津,         43.04亿
4.37,24.61,仓储物流,江苏,         23.73亿
0.67,24.59,化学制药,山西,         45.45亿
0.84,24.56,塑料,江苏,         19.63亿
0.52,24.52,港口,广东,         56.14亿
0.2,24.52,新型电力,江苏,         19.59亿
2.78,24.49,乳制品,上海,        144.96亿
1.99,24.46,食品,河北,         17.39亿
1.27,24.45,其他建材,深圳,         17.66亿
0.94,24.42,医药商业,浙江,         18.24亿
0.73,24.41,食品,河南,         33.93亿
1.47,24.38,IT设备,北京,         19.63亿
3,24.36,小金属,北京,         27.33亿
0,24.33,机械基件,四川,         46.73亿
1.61,24.28,影视音像,湖北,         48.56亿
5.72,24.27,家居用品,福建,         11.70亿
0.9,24.26,化工原料,陕西,         18.26亿
0.64,24.23,百货,甘肃,          7.82亿
0.7,24.21,水力发电,四川,         30.30亿
0.32,24.2,铅锌,辽宁,         43.56亿
1.24,24.2,环境保护,安徽,         11.85亿
1.12,24.2,其他商业,云南,         23.42亿
0.39,24.17,生物制药,浙江,         92.48亿
1.61,24.17,塑料,安徽,         16.42亿
1.17,24.16,化学制药,江苏,         19.73亿
2.88,24.12,电器仪表,湖南,         14.20亿
1.03,24.11,出版业,辽宁,         32.28亿
-0.1,24.1,电气设备,江苏,         17.84亿
1.45,24.08,环境保护,广东,         38.45亿
1.73,24.06,电气设备,江苏,          9.30亿
0.32,24.02,机械基件,浙江,          7.91亿
1.21,24.02,元器件,江苏,          7.59亿
1.54,24.01,化学制药,上海,        518.42亿
3.03,24.01,元器件,广东,         22.28亿
1.99,24,矿物制品,河南,         18.86亿
3.23,23.98,机床制造,江苏,         25.83亿
4.98,23.97,铝,浙江,         24.06亿
3,23.93,互联网,四川,         22.33亿
0.87,23.87,公共交通,上海,         48.67亿
2.26,23.82,区域地产,山东,         58.76亿
2.57,23.79,普钢,辽宁,        138.67亿
-0.14,23.78,区域地产,上海,         20.74亿
0.25,23.78,电气设备,新疆,        404.40亿
0.97,23.78,生物制药,北京,         20.60亿
0.14,23.73,造纸,浙江,          8.59亿
3.77,23.72,化工原料,陕西,         38.82亿
2.99,23.71,化工原料,深圳,         38.97亿
1.1,23.67,玻璃,上海,         34.38亿
0.26,23.66,新型电力,宁夏,         19.29亿
0.71,23.65,普钢,山东,        154.35亿
1.83,23.64,中成药,云南,        532.30亿
2.55,23.63,乳制品,广东,         34.46亿
-0.49,23.62,白酒,四川,       1191.45亿
1.41,23.62,家居用品,广东,         42.56亿
0.32,23.6,多元金融,河南,         47.43亿
0.98,23.58,出版业,北京,         24.78亿
2,23.58,专用机械,江苏,         38.86亿
0.69,23.55,化学制药,浙江,         20.96亿
2.57,23.54,电气设备,河南,         15.11亿
0,23.53,机械基件,江苏,         33.97亿
1.86,23.51,专用机械,江苏,         26.33亿
3.11,23.49,水运,天津,         76.68亿
-1.33,23.48,火力发电,浙江,         71.72亿
2.38,23.45,元器件,福建,         73.59亿
1.03,23.44,其他建材,重庆,         15.81亿
-0.33,23.43,纺织机械,新疆,         68.02亿
0.52,23.43,化工原料,上海,         23.00亿
2.89,23.42,批发业,深圳,        152.31亿
2.12,23.41,家用电器,上海,        165.53亿
1.34,23.4,化学制药,广东,          9.96亿
4.06,23.4,影视音像,北京,        328.49亿
2.37,23.37,通信设备,深圳,         26.78亿
1.05,23.36,电气设备,浙江,         16.79亿
0.98,23.36,电气设备,江苏,         32.14亿
4.38,23.34,互联网,河南,         65.51亿
1.7,23.33,软件服务,浙江,         41.94亿
1.07,23.31,电气设备,福建,         39.58亿
3.04,23.3,软件服务,安徽,         39.37亿
-0.42,23.3,建筑工程,江苏,         23.64亿
1.05,23.27,机械基件,辽宁,         22.95亿
1.87,23.26,火力发电,河北,         60.02亿
6.7,23.24,元器件,深圳,         70.60亿
0.75,23.22,专用机械,江苏,         28.18亿
1.03,23.2,化工原料,浙江,        103.71亿
4.73,23.18,供气供热,辽宁,        283.73亿
1.76,23.17,造纸,山东,         24.56亿
-2.32,23.09,陶瓷,浙江,         17.36亿
1.05,23.07,家居用品,广东,          9.56亿
3.14,23.04,仓储物流,深圳,          9.52亿
3.06,23.01,运输设备,江苏,         40.63亿
3.7,23.01,机械基件,浙江,         10.83亿
2.38,23,农业综合,安徽,         52.48亿
-0.15,23,化学制药,浙江,         23.99亿
1.28,23,环境保护,北京,         14.00亿
0.15,22.98,家居用品,广东,         32.18亿
0.97,22.98,专用机械,浙江,         24.87亿
0.96,22.97,电气设备,江苏,          8.12亿
1.94,22.94,塑料,浙江,          6.93亿
4.04,22.9,互联网,浙江,        267.02亿
-0.59,22.89,农药化肥,湖南,         21.85亿
1.78,22.86,纺织,浙江,          5.14亿
3.47,22.85,纺织机械,江苏,         26.73亿
1.39,22.83,塑料,河北,         51.75亿
1.28,22.83,环境保护,福建,         11.41亿
0,22.81,火力发电,北京,        241.86亿
0.69,22.79,中成药,浙江,         15.00亿
1.61,22.79,化工原料,浙江,          8.15亿
2.55,22.78,软件服务,北京,         64.84亿
1.72,22.76,电气设备,深圳,         47.12亿
0.13,22.76,化学制药,浙江,         14.40亿
1.48,22.76,染料涂料,江苏,         12.60亿
4.39,22.76,汽车配件,浙江,        213.11亿
1.38,22.75,证券,四川,        266.14亿
1.4,22.7,水力发电,湖南,         24.05亿
0.43,22.69,电气设备,湖南,         18.08亿
3.35,22.69,化工原料,山东,         28.21亿
-0.69,22.68,家用电器,山东,        185.80亿
0.83,22.67,食品,湖南,         16.56亿
0.86,22.64,橡胶,浙江,         31.34亿
2.04,22.63,化工原料,山东,         14.01亿
1.68,22.61,全国地产,深圳,       1535.25亿
-2.4,22.61,家居用品,广东,         93.52亿
1.02,22.6,建筑工程,广东,         35.57亿
1.13,22.59,农药化肥,江苏,         17.17亿
1.22,22.56,装修装饰,深圳,         61.21亿
2.21,22.56,化工原料,江苏,          7.74亿
-1.05,22.56,石油加工,山东,         24.40亿
1.83,22.54,影视音像,深圳,         48.22亿
0.46,22.53,小金属,深圳,        180.25亿
6.21,22.52,纺织,浙江,         28.28亿
3.14,22.49,电信运营,上海,        207.33亿
5.18,22.49,食品,河南,         28.04亿
1.89,22.48,环境保护,江苏,         13.97亿
0.36,22.47,工程机械,浙江,         25.74亿
1,22.44,出版业,湖南,         32.21亿
1.6,22.44,生物制药,江苏,         29.54亿
1.43,22.41,软件服务,北京,         28.01亿
-0.99,22.41,汽车配件,上海,         21.00亿
0.82,22.41,公共交通,江苏,         20.75亿
0.67,22.38,供气供热,江苏,         26.00亿
0.18,22.34,饲料,深圳,         89.26亿
-0.12,22.32,旅游服务,陕西,         64.28亿
4.95,22.31,化工原料,广东,         21.68亿
-0.92,22.3,农药化肥,湖北,         45.27亿
4.9,22.3,医疗保健,福建,         36.75亿
3.96,22.27,公共交通,湖北,         26.96亿
1.44,22.26,证券,江苏,        274.80亿
2.09,22.24,家用电器,广东,         52.42亿
0.56,22.21,装修装饰,广东,          7.66亿
0.12,22.19,食品,新疆,        167.23亿
1.76,22.18,电器仪表,浙江,        334.80亿
0.25,22.17,医疗保健,浙江,         10.94亿
-0.39,22.16,水运,天津,        389.42亿
1.01,22.1,供气供热,浙江,         22.33亿
0,22.09,化工原料,浙江,         14.79亿
1.09,22.09,环境保护,山东,          8.64亿
1.82,22.08,电气设备,安徽,        120.35亿
4.42,22.04,汽车配件,安徽,         37.78亿
1.36,22.04,化工原料,河北,          8.70亿
-1.62,22.03,白酒,江苏,        380.11亿
0.49,22.02,小金属,云南,        170.72亿
5.84,22.02,装修装饰,深圳,         25.62亿
1.64,22.02,证券,北京,        137.35亿
1.07,21.99,元器件,贵州,         79.69亿
-0.3,21.99,全国地产,福建,         52.54亿
0.56,21.99,家用电器,广东,         20.53亿
1.41,21.97,摩托车,江苏,          9.15亿
-1.73,21.96,农药化肥,四川,         68.36亿
1.25,21.94,区域地产,上海,        137.74亿
9.99,21.92,电气设备,广东,         59.60亿
1.36,21.92,互联网,天津,         88.85亿
0.77,21.87,医疗保健,上海,         60.48亿
2.52,21.86,环境保护,湖北,        106.42亿
2.48,21.84,化纤,浙江,         96.48亿
0.53,21.84,酒店餐饮,上海,        212.83亿
0.43,21.84,仓储物流,山东,         10.79亿
2.09,21.82,家居用品,江苏,          6.36亿
5.55,21.81,半导体,深圳,         18.53亿
0.79,21.8,造纸,黑龙江,         22.73亿
1.08,21.79,商贸代理,上海,         47.32亿
0.75,21.77,化工原料,山东,         25.70亿
-0.92,21.77,农业综合,广东,       1333.17亿
3.75,21.76,半导体,广东,         14.80亿
1.33,21.73,铝,江苏,         30.44亿
1.7,21.71,装修装饰,深圳,          6.91亿
2.83,21.71,化工原料,上海,          7.36亿
1.22,21.7,广告包装,北京,         14.17亿
0.19,21.69,农药化肥,四川,         30.76亿
1.21,21.68,化工原料,天津,         15.50亿
1.02,21.65,服饰,浙江,         26.24亿
0.52,21.65,中成药,黑龙江,         97.57亿
1.98,21.64,建筑工程,山东,         37.00亿
1.9,21.62,专用机械,浙江,         13.18亿
-0.14,21.6,汽车配件,浙江,          6.47亿
0.34,21.57,旅游景点,吉林,         23.63亿
1.63,21.55,建筑工程,安徽,         36.21亿
-0.29,21.53,家用电器,浙江,         42.39亿
0.72,21.49,玻璃,山东,         40.01亿
2.98,21.48,汽车配件,浙江,          9.96亿
3.23,21.47,钢加工,安徽,         20.24亿
1.77,21.44,证券,北京,        316.61亿
1.57,21.43,化工原料,浙江,         68.71亿
1.69,21.41,互联网,江苏,         22.60亿
2.6,21.4,中成药,贵州,         10.44亿
-0.44,21.35,环境保护,江苏,         37.88亿
-0.09,21.34,环境保护,安徽,         59.06亿
0.55,21.3,空运,深圳,         44.55亿
1.57,21.3,环境保护,陕西,         14.91亿
2.51,21.29,矿物制品,浙江,         21.96亿
-0.5,21.24,装修装饰,深圳,         75.78亿
4.21,21.24,互联网,深圳,         28.52亿
1.41,21.24,石油开采,北京,       9342.90亿
1.48,21.23,染料涂料,浙江,         15.46亿
0.75,21.21,染料涂料,上海,          9.88亿
1.46,21.19,汽车整车,河北,        544.30亿
-0.48,21.19,家用电器,江苏,         32.00亿
0.66,21.18,纺织,山东,         19.96亿
-1.56,21.18,家居用品,浙江,        251.66亿
0.11,21.13,电气设备,浙江,         10.25亿
2.53,21.12,化工原料,湖北,         29.80亿
0.79,21.12,汽车配件,浙江,          8.19亿
-0.76,21.1,环境保护,浙江,        208.93亿
0.98,21.1,机械基件,浙江,         21.65亿
-1.33,21.08,化学制药,浙江,        473.30亿
5.39,21.07,综合类,深圳,        106.37亿
0.15,21.06,医疗保健,江苏,        173.11亿
3.5,21.06,电气设备,湖南,         22.19亿
0.44,21.06,化工原料,浙江,         39.20亿
0,21.05,专用机械,江苏,        104.03亿
1.73,21.04,其他建材,浙江,        174.71亿
1.88,21.04,家用电器,浙江,         27.36亿
-0.28,21.03,家用电器,浙江,        299.92亿
2.73,21.03,装修装饰,深圳,          7.73亿
1.75,21.01,医疗保健,上海,         33.30亿
-0.84,20.99,百货,北京,         37.16亿
2.45,20.98,电气设备,江苏,         25.16亿
4.84,20.96,互联网,浙江,         35.78亿
0.76,20.95,电气设备,浙江,         85.15亿
1.81,20.94,石油开采,陕西,         16.25亿
3.16,20.94,环境保护,上海,         22.36亿
-0.31,20.93,啤酒,北京,        158.85亿
0.17,20.92,农用机械,浙江,         25.51亿
1.08,20.92,运输设备,江苏,         25.26亿
0.65,20.9,汽车配件,贵州,         35.98亿
0.79,20.9,装修装饰,深圳,         13.41亿
1.89,20.88,机械基件,江苏,          9.60亿
1.99,20.82,环境保护,河北,         25.59亿
2.21,20.81,元器件,深圳,         17.63亿
0.73,20.77,超市连锁,四川,         89.17亿
8.37,20.74,半导体,广东,         85.02亿
-0.22,20.74,汽车整车,湖北,         91.80亿
2.16,20.74,半导体,陕西,        962.23亿
0.27,20.72,食品,湖南,         36.14亿
2.89,20.72,全国地产,海南,         65.01亿
2.65,20.7,环境保护,广东,         10.03亿
0.89,20.67,机床制造,江苏,         10.46亿
0.92,20.66,百货,北京,         54.36亿
10.04,20.66,半导体,深圳,         62.53亿
0.69,20.66,化工原料,四川,        128.05亿
0.72,20.66,其他建材,天津,         35.41亿
0.5,20.65,化工原料,江西,         25.04亿
1.65,20.6,染料涂料,上海,         28.16亿
-0.54,20.59,纺织,安徽,        111.74亿
2.27,20.55,化学制药,江苏,          7.56亿
1.65,20.53,电气设备,江苏,         45.22亿
2.51,20.53,医疗保健,广东,         28.54亿
1.05,20.52,环境保护,福建,         10.92亿
1.18,20.51,专用机械,上海,         59.90亿
3.19,20.49,电器仪表,河南,         28.14亿
1.67,20.48,电气设备,四川,        182.72亿
0.9,20.46,食品,广东,         29.04亿
1.67,20.41,铅锌,北京,         78.71亿
5.95,20.41,化学制药,重庆,         46.06亿
0.83,20.39,机械基件,山东,         16.37亿
-2.11,20.38,啤酒,山东,        361.88亿
1.05,20.38,水运,江苏,         54.68亿
1.77,20.37,互联网,浙江,        112.49亿
2.22,20.31,化学制药,北京,         28.75亿
2.09,20.29,通信设备,江苏,         38.88亿
2.43,20.27,汽车配件,浙江,         51.62亿
2.08,20.26,电气设备,山东,         98.14亿
3.8,20.25,电器仪表,浙江,         18.53亿
2.78,20.24,IT设备,深圳,         57.97亿
3.18,20.22,证券,江苏,       1407.51亿
0.87,20.21,酒店餐饮,北京,        192.06亿
1.06,20.21,食品,重庆,         10.63亿
1.78,20.2,工程机械,上海,         45.47亿
0.45,20.19,食品,广东,         37.78亿
9.99,20.19,汽车配件,江苏,         10.41亿
1.15,20.19,农业综合,新疆,         41.36亿
1.54,20.19,电器仪表,浙江,          9.05亿
0.94,20.18,铜,上海,         64.28亿
2.59,20.18,软件服务,广东,        155.36亿
1.21,20.16,化学制药,深圳,        192.65亿
1.15,20.15,纺织,江苏,         24.78亿
1.39,20.14,证券,深圳,       2288.78亿
-1.81,20.12,化学制药,广东,        177.54亿
4.54,20.11,电器仪表,深圳,         59.25亿
1.32,20.07,电气设备,广东,        106.41亿
-1.73,20.05,服饰,浙江,         18.65亿
1.65,20.05,环境保护,江苏,         10.97亿
-0.41,20.04,区域地产,上海,         32.45亿
8.11,20.03,元器件,福建,        154.71亿
-0.84,20.02,白酒,安徽,        160.24亿
2.09,20.01,元器件,湖北,         47.75亿
0.67,19.99,汽车配件,四川,         20.23亿
-1.47,19.98,饲料,四川,        815.13亿
1.5,19.98,文教休闲,上海,         47.57亿
2.51,19.95,汽车配件,江苏,          9.08亿
1.06,19.95,纺织,浙江,          9.45亿
2.11,19.93,互联网,山东,         22.99亿
1.43,19.88,化学制药,安徽,         19.90亿
1.51,19.88,仓储物流,浙江,        214.19亿
0.21,19.87,红黄酒,山东,        127.74亿
1.46,19.87,化工原料,江苏,          5.91亿
1.66,19.86,软件服务,福建,        160.14亿
0.22,19.86,医药商业,云南,         67.78亿
0.39,19.86,铜,安徽,         11.12亿
2.19,19.85,铜,江苏,          7.51亿
1.27,19.84,证券,安徽,        231.02亿
-0.13,19.84,汽车服务,重庆,         75.16亿
4.57,19.82,生物制药,河北,         32.85亿
4.44,19.75,电气设备,江苏,        135.57亿
1.03,19.74,互联网,广东,         17.17亿
1.48,19.74,影视音像,北京,        124.42亿
0.6,19.71,汽车配件,上海,        125.51亿
-0.23,19.69,铅锌,云南,        183.17亿
0,19.68,园区开发,上海,        160.04亿
0.88,19.67,供气供热,山东,         30.21亿
1.27,19.66,证券,深圳,        979.08亿
0.79,19.58,环境保护,江苏,         17.89亿
0.22,19.57,玻璃,深圳,         89.46亿
2.25,19.57,电气设备,上海,         82.68亿
1.56,19.57,钢加工,辽宁,         28.00亿
0.45,19.57,全国地产,深圳,         67.06亿
0.42,19.56,塑料,山东,         42.62亿
3.32,19.54,旅游景点,江苏,          7.48亿
1,19.52,环境保护,天津,         76.87亿
1.02,19.52,运输设备,北京,         81.84亿
0.81,19.51,公共交通,上海,         39.02亿
0.41,19.5,证券,新疆,       1113.20亿
1.61,19.5,半导体,上海,         73.91亿
0,19.45,电气设备,上海,         49.18亿
0,19.44,火力发电,广东,        117.75亿
0,19.42,橡胶,四川,         18.20亿
0.58,19.42,汽车配件,浙江,         36.22亿
0.9,19.41,生物制药,江苏,         40.45亿
1.45,19.41,通信设备,江苏,        300.26亿
0.6,19.4,家居用品,浙江,         17.57亿
0.61,19.39,综合类,黑龙江,        122.58亿
1.15,19.37,汽车配件,河南,         24.87亿
2.44,19.37,机械基件,安徽,         10.97亿
0.5,19.36,专用机械,广东,         57.31亿
0.43,19.35,农药化肥,四川,         28.34亿
-0.13,19.34,软件服务,江苏,         37.65亿
1.14,19.32,食品,云南,         26.47亿
6.22,19.32,IT设备,深圳,         14.35亿
0.59,19.31,百货,浙江,         36.39亿
3.26,19.3,电器仪表,上海,         18.89亿
0.72,19.27,生物制药,北京,        129.24亿
2.64,19.27,仓储物流,辽宁,        352.73亿
0.87,19.26,中成药,湖北,         75.17亿
1.36,19.26,通信设备,深圳,         29.88亿
0.98,19.25,其他建材,广东,         33.97亿
-0.57,19.24,汽车配件,江苏,         39.66亿
1.6,19.24,仓储物流,江苏,         46.18亿
2.31,19.23,服饰,浙江,         16.89亿
10,19.22,其他商业,深圳,         36.88亿
4.51,19.21,电气设备,深圳,         86.00亿
1.15,19.21,塑料,宁夏,         26.56亿
5.36,19.2,仓储物流,浙江,         61.35亿
-0.07,19.2,铜,江西,        316.89亿
-0.61,19.18,火力发电,广东,        178.29亿
2.23,19.15,造纸,深圳,         77.15亿
2.51,19.14,食品,河北,         29.83亿
-0.57,19.13,汽车配件,浙江,        148.38亿
1.15,19.11,化工原料,浙江,         23.16亿
0.52,19.09,园区开发,上海,        114.27亿
2.19,19.07,广告包装,深圳,        148.73亿
5.22,19.06,证券,黑龙江,        150.84亿
0.49,19.03,装修装饰,北京,         49.11亿
1.17,19.02,汽车配件,福建,         39.97亿
-0.49,19,家用电器,广东,        130.54亿
0.58,18.95,商贸代理,上海,        140.00亿
--  ,18.94,区域地产,深圳,         97.82亿
-0.07,18.94,化学制药,浙江,        123.03亿
3.36,18.94,服饰,广东,         34.25亿
1.38,18.94,证券,福建,        442.65亿
0.65,18.9,建筑工程,黑龙江,         21.77亿
0.85,18.9,家居用品,浙江,         36.01亿
0.94,18.89,化工原料,浙江,         21.17亿
2.09,18.88,仓储物流,上海,         64.37亿
3.53,18.88,元器件,广东,        111.10亿
2.8,18.88,化工原料,辽宁,         24.76亿
3.51,18.87,电气设备,上海,         26.28亿
0.44,18.87,医疗保健,山东,         18.00亿
2.25,18.87,全国地产,上海,        109.01亿
2.01,18.85,专用机械,江苏,         32.12亿
3.11,18.85,医疗保健,吉林,         43.15亿
2.54,18.8,中成药,北京,         31.53亿
1.81,18.8,仓储物流,广东,         11.90亿
0.35,18.79,水务,广西,         42.38亿
1.5,18.76,医药商业,湖北,        227.09亿
3.43,18.74,电气设备,浙江,          7.10亿
1.65,18.71,中成药,广东,         19.98亿
7.15,18.69,互联网,福建,        127.56亿
0.92,18.68,证券,湖北,        364.39亿
0.41,18.68,环境保护,广东,         51.97亿
1.11,18.68,种植业,上海,         15.72亿
0.91,18.66,装修装饰,浙江,         67.10亿
1.23,18.65,医药商业,深圳,         86.26亿
1.38,18.64,其他商业,北京,         11.90亿
0.11,18.63,影视音像,浙江,        112.28亿
-0.23,18.63,石油加工,广东,         15.98亿
1.38,18.62,食品,河南,        260.27亿
1.24,18.62,证券,上海,        477.01亿
-0.32,18.62,白酒,安徽,        321.66亿
0.17,18.62,机械基件,浙江,         21.29亿
2.68,18.61,软件服务,北京,         40.59亿
1.63,18.6,电气设备,福建,         33.97亿
0.44,18.59,电气设备,浙江,         73.21亿
0.36,18.58,专用机械,深圳,         38.47亿
1.05,18.58,汽车配件,福建,        464.09亿
0.39,18.58,路桥,吉林,         31.42亿
2.28,18.57,软件服务,上海,        177.78亿
-0.19,18.56,化学制药,北京,         22.36亿
-0.35,18.56,家居用品,江苏,         64.01亿
2.78,18.51,半导体,广东,         97.51亿
1.65,18.5,化工原料,浙江,         42.72亿
0.53,18.49,化工原料,宁夏,         69.82亿
1.29,18.49,化工原料,江苏,         23.67亿
1.44,18.48,建筑工程,上海,         61.51亿
2.66,18.46,家用电器,四川,        113.60亿
1.76,18.46,家居用品,浙江,         75.90亿
0.72,18.46,证券,上海,       1359.67亿
1.33,18.46,铁路,深圳,        171.83亿
0.94,18.43,铝,江苏,          8.19亿
2.82,18.41,铜,安徽,         69.21亿
3.06,18.41,化纤,江苏,          7.92亿
0.75,18.4,广告包装,浙江,         30.38亿
2.38,18.4,专用机械,江苏,         25.98亿
1.43,18.4,专用机械,上海,         19.99亿
0.9,18.36,百货,上海,        125.08亿
1.54,18.33,化学制药,西藏,         36.84亿
0,18.31,广告包装,福建,         47.32亿
-0.5,18.3,园区开发,北京,        180.30亿
1.34,18.29,医药商业,浙江,         25.04亿
2.38,18.28,轻工机械,湖北,         29.15亿
0.98,18.28,化工原料,山东,        125.04亿
1.09,18.28,证券,深圳,       1003.69亿
-1.05,18.25,石油加工,上海,        275.56亿
1.92,18.24,互联网,浙江,         45.18亿
1.01,18.23,区域地产,浙江,         28.88亿
-1.16,18.22,汽车整车,河南,        321.91亿
0.21,18.22,化学制药,深圳,        189.15亿
2.04,18.17,建筑工程,上海,         31.88亿
1.06,18.13,中成药,贵州,         37.85亿
0.19,18.1,家居用品,浙江,         12.03亿
1.38,18.1,专用机械,河北,         16.25亿
1.38,18.09,汽车配件,江苏,          9.15亿
1.51,18.08,供气供热,广东,         41.84亿
3,18.08,农药化肥,浙江,         11.48亿
1.53,18.07,元器件,浙江,        118.74亿
1.81,18.07,装修装饰,北京,         12.29亿
0.23,18.05,汽车整车,安徽,         30.81亿
-0.67,18.04,塑料,安徽,         44.25亿
9.96,18.04,建筑工程,浙江,          9.58亿
1.74,18.03,园区开发,湖北,         36.53亿
0.15,17.97,种植业,江苏,         27.55亿
0.57,17.96,运输设备,北京,       1608.82亿
1.09,17.96,家居用品,广西,         29.80亿
0.9,17.95,工程机械,山东,         36.61亿
1.29,17.95,文教休闲,浙江,         12.42亿
1.89,17.89,化学制药,内蒙,         33.53亿
1.07,17.88,化学制药,黑龙江,         13.55亿
0.97,17.86,乳制品,新疆,         28.02亿
1.22,17.85,影视音像,上海,        310.38亿
0.2,17.85,运输设备,江苏,         42.80亿
1.23,17.83,普钢,河北,         29.36亿
1.32,17.82,旅游景点,安徽,         25.48亿
1.53,17.81,专用机械,浙江,         10.77亿
1.64,17.81,中成药,西藏,         46.01亿
0.13,17.81,供气供热,深圳,        217.22亿
8,17.79,家用电器,深圳,        157.82亿
6.77,17.79,专用机械,广东,         27.19亿
0.41,17.78,百货,安徽,         38.02亿
2.67,17.77,建筑工程,浙江,         51.57亿
0.82,17.75,化纤,安徽,         71.26亿
1.16,17.75,汽车配件,上海,         10.33亿
2.08,17.72,家用电器,深圳,         70.57亿
1.87,17.72,汽车配件,山东,         16.43亿
3.47,17.71,化学制药,江西,         36.03亿
0.49,17.69,运输设备,浙江,         37.87亿
1.43,17.67,服饰,北京,         17.83亿
2.88,17.63,饲料,四川,        527.26亿
1.49,17.61,环境保护,江苏,         49.73亿
1.13,17.6,铜,浙江,        179.82亿
1.05,17.6,汽车配件,浙江,          9.89亿
0,17.57,纺织,深圳,         33.81亿
0.42,17.57,专用机械,山东,        100.40亿
2.08,17.57,互联网,江苏,         44.53亿
1.53,17.57,化工原料,河北,        122.04亿
1.94,17.55,证券,四川,        177.46亿
0.91,17.54,环境保护,深圳,         57.78亿
4.19,17.54,专用机械,山东,         21.81亿
1.14,17.53,纺织,浙江,         13.62亿
0.9,17.53,建筑工程,江苏,         22.69亿
1.15,17.51,水运,浙江,         36.29亿
0.91,17.49,中成药,河北,        109.95亿
0.97,17.47,铅锌,深圳,        148.08亿
0.46,17.47,化工原料,山东,         70.53亿
1.22,17.46,环境保护,河北,         35.09亿
1.05,17.45,全国地产,福建,         57.60亿
0.18,17.44,水泥,新疆,        139.64亿
0.9,17.43,中成药,天津,         76.11亿
1.73,17.42,水力发电,北京,       4142.60亿
2.22,17.41,其他建材,北京,        242.10亿
1.36,17.41,证券,上海,       1206.54亿
2.51,17.4,塑料,江苏,         25.55亿
0.16,17.37,环境保护,河南,         59.46亿
2.69,17.36,农药化肥,江苏,         57.22亿
2.18,17.35,专用机械,山东,         21.67亿
0.54,17.35,环境保护,上海,         97.63亿
1.72,17.33,新型电力,北京,         98.07亿
1.37,17.33,建筑工程,浙江,         36.21亿
1.67,17.32,超市连锁,江苏,         56.36亿
1.36,17.31,化学制药,湖北,        163.46亿
1.05,17.28,农药化肥,湖北,         25.95亿
1.36,17.28,渔业,上海,         21.95亿
-0.29,17.28,汽车配件,湖南,         17.73亿
-0.53,17.26,农药化肥,四川,         26.57亿
9.52,17.25,半导体,北京,        134.87亿
-0.76,17.25,出版业,湖南,        211.21亿
1.45,17.25,家居用品,浙江,         15.76亿
1.61,17.17,化工原料,江苏,         38.77亿
0.93,17.16,农药化肥,江苏,         57.92亿
0.31,17.15,中成药,广西,         68.33亿
0.89,17.14,中成药,上海,         47.18亿
0.24,17.14,区域地产,上海,        132.21亿
0.25,17.13,新型电力,四川,         51.05亿
2.61,17.13,火力发电,吉林,         61.56亿
-0.08,17.12,铝,河北,         18.31亿
2.06,17.12,家用电器,江苏,         87.30亿
0,17.09,中成药,黑龙江,         77.71亿
-0.22,17.09,医疗保健,浙江,         27.29亿
2.51,17.07,汽车配件,浙江,         55.69亿
2.9,17.06,电器仪表,广东,         17.57亿
0.4,17.06,水运,上海,        200.68亿
9.9,17.05,元器件,广东,        553.54亿
9.26,17.02,半导体,深圳,         58.17亿
2.73,17.01,电器仪表,重庆,         34.25亿
0.65,17,造纸,浙江,         30.18亿
1.23,17,铝,江苏,         36.78亿
1.24,17,电气设备,浙江,         10.61亿
0.38,16.99,环境保护,陕西,         69.11亿
1.13,16.99,区域地产,江苏,        845.14亿
1.05,16.98,化工机械,浙江,        118.58亿
0.1,16.98,玻璃,浙江,        350.58亿
0.64,16.97,中成药,江苏,         81.93亿
9.99,16.96,食品,福建,        119.40亿
1.4,16.96,中成药,湖南,         36.33亿
-0.19,16.96,空运,上海,        388.58亿
2.02,16.95,供气供热,新疆,         60.95亿
0,16.94,互联网,湖南,         15.70亿
0.59,16.94,其他建材,广东,         23.07亿
1.07,16.93,供气供热,广东,         15.40亿
2.18,16.91,家居用品,广东,        113.35亿
0,16.91,普钢,重庆,        152.52亿
3.05,16.9,软件服务,浙江,         57.88亿
1.21,16.89,证券,吉林,        195.43亿
1.1,16.89,供气供热,安徽,         18.49亿
1.47,16.88,互联网,福建,         46.13亿
1.2,16.87,汽车配件,四川,         10.63亿
1.99,16.83,电气设备,山东,         12.82亿
0.22,16.81,化学制药,湖北,         23.36亿
2.23,16.8,火力发电,上海,        183.09亿
1.46,16.79,园区开发,江苏,         64.13亿
1.89,16.78,铜,浙江,         66.18亿
0.44,16.77,全国地产,重庆,         36.54亿
0.33,16.77,服饰,浙江,         33.22亿
1.27,16.77,互联网,广东,         45.40亿
1.85,16.77,服饰,广东,         46.70亿
0.78,16.77,机械基件,陕西,        106.52亿
0.75,16.74,水力发电,湖南,         31.28亿
2.45,16.74,化工原料,北京,         23.68亿
5.15,16.74,环境保护,浙江,         74.63亿
0.54,16.72,百货,山东,         26.51亿
-0.73,16.68,化学制药,浙江,         28.76亿
0.68,16.67,超市连锁,上海,        143.28亿
6.18,16.66,汽车配件,上海,         19.39亿
0.72,16.65,汽车配件,山东,        269.52亿
3.07,16.64,农药化肥,深圳,         45.82亿
-0.23,16.64,食品,西藏,         34.78亿
-2.29,16.61,工程机械,陕西,         80.34亿
0.66,16.6,白酒,新疆,         66.94亿
2.64,16.58,化学制药,江苏,        100.17亿
1.25,16.58,化工原料,河南,         14.03亿
0.37,16.57,百货,上海,         32.21亿
1.74,16.57,家居用品,广东,          8.77亿
0.48,16.54,中成药,云南,         79.16亿
-0.2,16.54,仓储物流,四川,         25.42亿
1.83,16.54,环境保护,福建,         43.93亿
0,16.54,建筑工程,北京,         51.34亿
0.48,16.53,商品城,浙江,         53.19亿
1.29,16.47,专用机械,广东,         26.08亿
0.87,16.46,服饰,江苏,         31.63亿
0.2,16.44,中成药,广东,         77.55亿
-0.39,16.44,中成药,河南,         57.41亿
1.12,16.43,新型电力,深圳,         73.70亿
1.17,16.37,食品,上海,         72.67亿
0.41,16.37,化工原料,山东,         75.37亿
2.74,16.32,航空,山东,         52.30亿
0.6,16.3,多元金融,浙江,        101.56亿
1.42,16.28,化工原料,广东,         12.11亿
0.79,16.28,环境保护,天津,         10.17亿
0.71,16.26,服饰,福建,         42.27亿
1.06,16.25,钢加工,浙江,         34.22亿
3.71,16.24,商贸代理,辽宁,        226.86亿
1.11,16.23,水泥,新疆,         50.05亿
1.76,16.22,建筑工程,江苏,         28.10亿
0.88,16.18,建筑工程,重庆,         18.88亿
0.9,16.17,普钢,新疆,         51.81亿
6.08,16.16,元器件,广东,         66.79亿
0.3,16.15,园区开发,上海,        390.74亿
1.39,16.13,新型电力,北京,        792.28亿
2.07,16.12,广告包装,北京,        118.03亿
-0.34,16.1,家用电器,广东,         38.73亿
1.99,16.1,仓储物流,四川,        166.80亿
-1.47,15.99,化工原料,江苏,        102.25亿
1.31,15.99,建筑工程,河南,         20.02亿
-1.28,15.97,其他建材,浙江,         51.68亿
5.28,15.97,普钢,浙江,        174.94亿
0.95,15.96,环境保护,北京,         68.49亿
0,15.95,化工原料,浙江,        189.42亿
1.01,15.94,化学制药,黑龙江,         65.24亿
2.89,15.93,化工原料,山东,        761.00亿
2.07,15.93,服饰,河南,         39.05亿
2.72,15.93,出版业,四川,        101.84亿
1.21,15.93,空运,上海,        239.90亿
0,15.91,装修装饰,上海,         33.65亿
1.21,15.9,其他建材,河南,         28.60亿
-0.36,15.87,服饰,上海,        149.55亿
1.07,15.86,白酒,江苏,       1252.19亿
1.04,15.86,家居用品,浙江,         60.20亿
3.1,15.84,电器仪表,浙江,         78.09亿
3.94,15.82,家居用品,新疆,         72.93亿
0.39,15.81,专用机械,浙江,         57.07亿
0.84,15.72,其他商业,深圳,         24.91亿
2.19,15.72,水泥,四川,        117.49亿
1.27,15.7,食品,上海,         25.60亿
1.18,15.66,软饮料,河北,         75.72亿
1.71,15.66,建筑工程,深圳,         33.31亿
1.14,15.64,建筑工程,上海,        185.85亿
1.06,15.63,化工原料,湖北,         24.66亿
0.95,15.62,环境保护,浙江,         72.77亿
1.1,15.6,家居用品,福建,         16.31亿
1.23,15.59,酒店餐饮,广东,         20.10亿
0.94,15.57,化工原料,甘肃,         68.26亿
0.34,15.56,百货,辽宁,         24.45亿
0.68,15.56,纺织,江苏,         68.92亿
0.46,15.54,铝,山东,        214.34亿
3.34,15.53,元器件,深圳,         44.47亿
3.26,15.53,互联网,北京,         71.47亿
0.15,15.5,空运,广东,        557.26亿
0.08,15.46,家用电器,广东,         95.73亿
3.16,15.46,家用电器,浙江,         12.20亿
1.21,15.44,机械基件,山东,         20.36亿
0.7,15.44,纺织,浙江,         29.37亿
1.11,15.43,电气设备,江苏,          9.88亿
0.61,15.43,服饰,上海,         23.38亿
0.64,15.4,港口,河北,         52.24亿
1.78,15.39,医疗保健,广东,        136.16亿
-0.07,15.39,医疗保健,上海,         15.74亿
1.12,15.38,多元金融,北京,         31.85亿
2.07,15.32,中成药,天津,        231.29亿
5.52,15.32,纺织,上海,         14.56亿
1.11,15.29,证券,上海,        494.18亿
2.82,15.28,轻工机械,广东,         48.44亿
-0.79,15.28,家居用品,四川,         42.81亿
1.64,15.27,区域地产,广东,        102.19亿
-0.55,15.25,空运,上海,        531.62亿
0.11,15.2,特种钢,浙江,         76.38亿
2.29,15.16,化工原料,山东,         25.77亿
1.34,15.14,商品城,浙江,        206.30亿
2.65,15.13,电气设备,江苏,        109.50亿
-0.92,15.12,特种钢,湖北,        111.90亿
1.51,15.12,多元金融,黑龙江,        423.68亿
1.72,15.1,玻璃,江苏,         20.57亿
0.64,15.1,环境保护,北京,         62.69亿
9.39,15.1,家居用品,浙江,         12.63亿
2.8,15.08,环境保护,浙江,         40.42亿
0.84,15.05,建筑工程,上海,         37.81亿
0.5,15.05,医药商业,上海,         58.59亿
-0.17,15.02,区域地产,山东,         49.65亿
1.45,14.99,电气设备,深圳,          9.03亿
1.1,14.96,旅游景点,安徽,         47.17亿
1.57,14.95,港口,上海,       1348.71亿
0.87,14.93,火力发电,河南,         32.44亿
1.18,14.93,中成药,天津,         83.23亿
1.57,14.91,多元金融,广东,        258.19亿
0.94,14.89,服饰,浙江,        177.83亿
1.29,14.87,纺织,浙江,         58.80亿
0.81,14.86,电气设备,湖南,         25.65亿
3.9,14.86,机械基件,山东,         26.42亿
1.75,14.83,多元金融,北京,         36.40亿
0.34,14.82,电气设备,浙江,        467.48亿
0.82,14.81,水力发电,广西,        388.60亿
0,14.8,煤炭开采,山西,         53.05亿
1.59,14.79,港口,辽宁,        165.06亿
3.9,14.75,医药商业,深圳,        136.02亿
1.16,14.74,文教休闲,上海,         12.44亿
1.72,14.72,装修装饰,深圳,         63.31亿
1.31,14.72,钢加工,浙江,         44.23亿
1.2,14.67,建筑工程,上海,         31.59亿
1.11,14.67,钢加工,浙江,         59.01亿
0.96,14.66,百货,宁夏,         33.35亿
1.08,14.64,水务,江苏,         35.07亿
0.38,14.63,百货,福建,         46.93亿
0.15,14.62,服饰,深圳,         48.00亿
1.17,14.61,仓储物流,山东,         70.54亿
1.23,14.61,运输设备,上海,        132.27亿
2.11,14.59,汽车配件,山东,        120.16亿
1.24,14.58,中成药,山西,         44.04亿
3.16,14.57,机械基件,江苏,         22.02亿
2.6,14.54,通信设备,深圳,         28.29亿
1.3,14.51,港口,广西,         30.38亿
4.33,14.48,互联网,北京,        100.05亿
1.35,14.47,证券,广东,        841.72亿
1.31,14.46,建筑工程,吉林,         34.48亿
1.26,14.46,水力发电,广西,         33.28亿
0,14.45,商品城,浙江,         49.25亿
0.7,14.44,铁路,辽宁,         74.81亿
0.29,14.43,百货,深圳,        125.38亿
1.2,14.43,石油开采,新疆,        227.71亿
1.2,14.42,水力发电,四川,         40.10亿
2.4,14.42,家居用品,安徽,         23.24亿
0.83,14.36,区域地产,北京,         57.24亿
0.51,14.31,化学制药,江苏,         47.02亿
3.45,14.29,化工原料,浙江,        171.09亿
-0.67,14.29,空运,北京,        838.10亿
0.55,14.28,医药商业,山东,         85.10亿
2.06,14.28,化工原料,江苏,         20.13亿
1.3,14.26,建筑工程,江苏,         22.58亿
4.76,14.25,专用机械,浙江,         57.82亿
2.87,14.24,元器件,福建,         45.98亿
2.13,14.22,区域地产,上海,         57.44亿
0.17,14.22,汽车整车,广东,        713.69亿
2.32,14.21,化学制药,重庆,         87.73亿
-0.5,14.19,家用电器,广东,       3952.53亿
0.81,14.19,普钢,河南,         59.60亿
3.55,14.18,化学制药,浙江,        418.37亿
0.99,14.18,机械基件,江苏,         13.25亿
0.32,14.17,火力发电,北京,        165.39亿
0.66,14.16,食品,浙江,         55.86亿
1.13,14.15,化工原料,江苏,         29.32亿
0.74,14.1,建筑工程,江苏,         54.33亿
1.14,14.06,环境保护,福建,        104.55亿
10,14.06,医药商业,北京,         73.88亿
1.14,14.03,钢加工,山东,         10.60亿
0.19,14.02,水泥,吉林,         70.33亿
1.47,14.02,农业综合,江苏,         24.28亿
1.24,14.02,专用机械,浙江,          7.59亿
1.51,14,医药商业,黑龙江,         39.08亿
0,13.99,全国地产,广东,         28.07亿
4.1,13.98,文教休闲,广东,         46.48亿
1.17,13.96,出版业,山东,         48.59亿
2.42,13.95,摩托车,重庆,         49.01亿
2.78,13.94,化纤,浙江,         35.95亿
4.11,13.93,火力发电,河北,         52.43亿
0.32,13.93,百货,浙江,         23.33亿
-0.35,13.92,家居用品,河北,         30.04亿
10.03,13.91,电气设备,浙江,        150.10亿
0.97,13.91,港口,天津,        125.00亿
0.29,13.9,塑料,广东,        164.34亿
0.38,13.9,运输设备,北京,        194.25亿
2.15,13.89,电气设备,湖北,         77.83亿
-1.41,13.87,化工原料,安徽,        111.79亿
3.37,13.87,中成药,广西,        106.69亿
4.48,13.86,化工原料,安徽,         51.36亿
2.24,13.83,铅锌,西藏,         95.90亿
1.51,13.81,公路,四川,         18.98亿
0.4,13.78,百货,湖北,         24.91亿
0.91,13.78,水务,重庆,        264.96亿
0.36,13.77,百货,广东,         28.66亿
0.77,13.77,水务,湖北,         46.41亿
0.62,13.75,出版业,安徽,         40.92亿
1.41,13.73,建筑工程,陕西,         28.43亿
1.4,13.73,化学制药,山东,         47.78亿
0,13.72,旅游景点,云南,         33.79亿
-0.54,13.72,装修装饰,北京,         85.17亿
0.62,13.7,旅游景点,四川,         34.04亿
0.65,13.7,橡胶,江苏,         23.49亿
4.62,13.69,全国地产,深圳,       2861.12亿
9.98,13.68,农药化肥,江苏,         52.56亿
1.89,13.68,化学制药,山东,         27.96亿
0.76,13.67,普钢,山东,         31.73亿
1.68,13.67,火力发电,湖北,        275.79亿
1.27,13.67,水力发电,四川,         29.99亿
2.18,13.66,汽车配件,四川,         31.89亿
0,13.6,水运,安徽,         99.49亿
0.82,13.6,旅游服务,陕西,         18.42亿
0.09,13.58,空运,贵州,         22.52亿
1.21,13.56,广告包装,广东,         89.40亿
3.18,13.55,汽车整车,山东,        148.14亿
0.74,13.5,普钢,辽宁,         75.93亿
0.8,13.48,塑料,山东,          9.23亿
2.82,13.47,专用机械,广东,         19.66亿
0.45,13.39,区域地产,上海,         53.09亿
1.58,13.39,批发业,广东,         27.90亿
0.59,13.38,水务,广东,        131.41亿
2.59,13.38,通信设备,江苏,        254.79亿
-0.14,13.3,建筑工程,浙江,        111.21亿
3.07,13.29,橡胶,浙江,         25.19亿
1.42,13.28,玻璃,江苏,         25.21亿
1.32,13.27,水力发电,重庆,         55.51亿
1.98,13.27,百货,甘肃,         19.10亿
0.46,13.25,化学制药,山东,         69.41亿
0.68,13.24,银行,江苏,        227.38亿
1.04,13.23,服饰,广东,         34.01亿
2.77,13.23,运输设备,广东,         63.72亿
4.36,13.23,农药化肥,山东,         17.19亿
-1.07,13.22,农药化肥,江苏,        188.54亿
1.65,13.22,工程机械,江苏,         55.48亿
3.64,13.22,建筑工程,上海,         56.85亿
0.45,13.17,百货,湖南,         24.29亿
0.8,13.17,全国地产,北京,         57.62亿
-0.31,13.17,纺织,浙江,         36.89亿
0.78,13.12,多元金融,新疆,         33.58亿
-1.37,13.11,小金属,四川,        136.82亿
2.19,13.1,专用机械,浙江,         15.33亿
-0.19,13.09,化纤,江苏,         62.74亿
0.55,13.09,家居用品,广东,         45.57亿
3.51,13.08,中成药,江西,         73.07亿
2.32,13.08,中成药,广东,        476.46亿
0.95,13.07,普钢,辽宁,        255.00亿
-0.26,13.06,服饰,福建,         66.31亿
0.75,13.06,出版业,安徽,        106.42亿
2.07,13.05,工程机械,山东,         51.39亿
0.42,13.01,种植业,黑龙江,        168.70亿
1.49,13,中成药,山东,        233.91亿
0.89,12.97,塑料,广东,          9.25亿
1.05,12.96,日用化工,浙江,         35.91亿
3.24,12.95,农药化肥,山东,         72.33亿
-0.68,12.93,火力发电,上海,        267.66亿
1.05,12.88,汽车配件,上海,         29.97亿
0.17,12.87,家用电器,广东,       3767.02亿
-1.88,12.87,保险,北京,       7292.40亿
9.99,12.87,服饰,深圳,         47.22亿
0.85,12.86,煤炭开采,河北,        103.18亿
1.36,12.86,特种钢,浙江,         31.75亿
0,12.86,银行,江苏,         19.51亿
0.62,12.85,摩托车,浙江,         51.29亿
2.68,12.84,橡胶,安徽,        102.56亿
-0.25,12.83,全国地产,北京,        235.13亿
-0.18,12.79,新型电力,江苏,         21.76亿
2.15,12.79,软饮料,河北,        178.98亿
1.63,12.77,建筑工程,安徽,         23.48亿
1.75,12.76,化工原料,山东,         41.62亿
1.62,12.7,农药化肥,山东,         24.18亿
-0.38,12.68,化纤,广西,        300.63亿
1.96,12.66,建筑工程,浙江,         44.08亿
4.1,12.64,互联网,浙江,         69.20亿
-0.44,12.63,机场,福建,         66.98亿
1.71,12.56,化学制药,浙江,        114.56亿
0.81,12.55,港口,浙江,        477.44亿
2.29,12.54,电气设备,安徽,         51.49亿
1.97,12.52,农药化肥,安徽,         32.55亿
-0.17,12.52,火力发电,北京,        630.17亿
-1.71,12.49,区域地产,浙江,        124.60亿
0.78,12.47,汽车配件,吉林,         59.24亿
0.42,12.47,中成药,江西,         63.47亿
0.84,12.45,火力发电,江西,         46.73亿
1.05,12.42,港口,山东,         88.58亿
3.39,12.41,农药化肥,山东,        142.90亿
2.8,12.39,汽车配件,山东,        624.02亿
0.9,12.38,火力发电,山西,         38.75亿
2.19,12.33,铜,青海,        133.45亿
0.83,12.32,服饰,浙江,         39.44亿
1.15,12.32,汽车配件,广东,         29.96亿
0.82,12.31,出版业,江苏,        186.80亿
2.62,12.3,服饰,浙江,         11.97亿
1.45,12.27,钢加工,安徽,         42.14亿
0.74,12.26,旅游服务,北京,         89.03亿
2.21,12.26,仓储物流,北京,         11.43亿
-0.51,12.25,水力发电,四川,        429.65亿
1.28,12.24,塑料,浙江,         43.33亿
1.04,12.23,公路,山西,         18.16亿
1.39,12.23,农药化肥,湖北,         94.18亿
1.96,12.23,化纤,江苏,        166.13亿
0.25,12.22,水务,广东,        102.14亿
1.49,12.21,建筑工程,江苏,         47.06亿
-1.23,12.19,元器件,河北,        156.63亿
0.59,12.18,建筑工程,浙江,         32.91亿
0.83,12.17,汽车配件,山东,         35.15亿
1.35,12.17,专用机械,江苏,         13.73亿
0.86,12.16,化工原料,浙江,         65.11亿
2.1,12.15,水力发电,云南,        391.05亿
1.16,12.12,化工原料,山西,         15.54亿
0.63,12.1,化学制药,吉林,        183.75亿
0.49,12.09,火力发电,广东,        104.97亿
0.69,12.08,建筑工程,甘肃,         17.93亿
1.52,12.08,装修装饰,深圳,         18.22亿
1.62,12.07,房产服务,云南,         78.74亿
-0.54,12.07,造纸,山东,        237.25亿
1.21,12.06,水力发电,贵州,         45.93亿
0,12.05,化纤,浙江,         33.13亿
2.44,12.05,医药商业,广西,         87.04亿
1.6,12.03,矿物制品,甘肃,        309.91亿
0.85,11.99,水务,江西,         46.98亿
1.86,11.99,农药化肥,安徽,         66.26亿
1.97,11.97,工程机械,北京,        128.71亿
0.69,11.97,汽车配件,上海,        786.29亿
1.28,11.96,服饰,广东,         20.10亿
-0.65,11.94,专用机械,浙江,         20.98亿
0.69,11.93,食品,西藏,        134.94亿
1.79,11.9,路桥,天津,         47.33亿
1.34,11.88,区域地产,深圳,         71.46亿
1.32,11.88,轻工机械,浙江,        108.45亿
-0.09,11.88,路桥,江苏,        425.19亿
1.47,11.86,造纸,浙江,          7.34亿
0.29,11.84,矿物制品,山东,         32.93亿
3.19,11.83,互联网,山西,         79.91亿
0.53,11.81,汽车配件,天津,         58.49亿
3.56,11.8,半导体,浙江,         95.11亿
0.34,11.76,路桥,重庆,         36.13亿
-1.49,11.73,家居用品,江苏,         71.35亿
2.2,11.71,医药商业,北京,         39.42亿
3.58,11.7,化工原料,福建,         39.09亿
2.5,11.7,化工原料,浙江,        145.05亿
1.28,11.68,化工原料,辽宁,         37.52亿
1.06,11.66,房产服务,四川,         37.11亿
0.14,11.64,银行,陕西,         31.20亿
0.96,11.64,食品,上海,         21.59亿
0.95,11.63,汽车配件,河南,         22.12亿
0.3,11.62,焦炭加工,云南,         32.87亿
0,11.61,建筑工程,北京,        105.11亿
0.22,11.61,银行,江苏,         97.96亿
1.35,11.61,家用电器,山东,       1152.59亿
0.37,11.6,火力发电,内蒙,        156.25亿
1.29,11.57,化学制药,上海,         49.66亿
1.09,11.56,家用电器,广东,         58.29亿
0.93,11.55,医药商业,江苏,         39.04亿
2.9,11.54,钢加工,安徽,         36.69亿
1.15,11.54,化纤,辽宁,        690.16亿
1.55,11.53,化学制药,江苏,         36.25亿
0.97,11.53,建筑工程,江苏,        347.04亿
0.69,11.52,普钢,安徽,        174.26亿
1.92,11.51,农药化肥,山东,        291.78亿
0.78,11.48,普钢,河北,        272.85亿
0.57,11.47,水力发电,福建,         26.45亿
3.57,11.45,农药化肥,江苏,         27.16亿
2.38,11.39,港口,山东,         31.31亿
1.65,11.39,饲料,辽宁,         97.58亿
-0.49,11.37,煤炭开采,山西,        120.93亿
1.99,11.37,化工原料,江苏,         36.86亿
1.3,11.36,房产服务,湖北,         18.90亿
0.76,11.36,服饰,深圳,         14.56亿
4.26,11.36,电气设备,山东,         33.24亿
1.79,11.35,化学制药,浙江,         60.09亿
1.62,11.33,化纤,浙江,         19.88亿
0,11.31,路桥,广东,        104.09亿
1.77,11.29,火力发电,安徽,         82.36亿
2.46,11.29,农药化肥,山东,         13.43亿
-0.96,11.28,纺织,山东,         54.35亿
2.23,11.25,焦炭加工,山西,         23.06亿
0.5,11.25,多元金融,江苏,        110.32亿
2.14,11.25,仓储物流,北京,         57.99亿
-1.23,11.24,多元金融,贵州,        223.32亿
0.88,11.24,环境保护,广西,         26.00亿
0,11.23,普钢,北京,        177.00亿
1.02,11.22,区域地产,天津,         32.73亿
1.25,11.22,医药商业,上海,        344.01亿
0.32,11.21,区域地产,湖北,         59.72亿
1.45,11.21,医药商业,重庆,         48.44亿
1.97,11.16,建筑工程,深圳,         23.74亿
0.44,11.15,中成药,深圳,        292.64亿
0.4,11.14,煤炭开采,甘肃,         56.87亿
1.13,11.14,保险,北京,        402.19亿
0.45,11.13,供气供热,湖北,         94.80亿
2.86,11.11,广告包装,北京,        100.71亿
1.39,11.08,商贸代理,江苏,         25.47亿
0.57,11.07,保险,上海,       2345.57亿
3.2,11.04,区域地产,上海,        101.05亿
1.05,11.03,工程机械,湖南,         49.54亿
0.44,10.99,水务,四川,        136.77亿
1.16,10.99,工程机械,安徽,         70.91亿
5.58,10.96,软件服务,河南,         87.95亿
0.22,10.95,银行,江苏,         30.03亿
-0.06,10.94,全国地产,广东,       1871.99亿
0.77,10.94,电气设备,新疆,        243.29亿
1.63,10.94,汽车配件,河南,         28.01亿
0.88,10.94,火力发电,辽宁,        449.99亿
-2.02,10.91,银行,浙江,       1556.05亿
0.78,10.91,火力发电,浙江,        527.71亿
0.77,10.91,多元金融,上海,        131.36亿
1.44,10.89,水运,山东,         48.73亿
0.89,10.88,全国地产,重庆,         80.30亿
4.9,10.88,汽车配件,江苏,         18.43亿
-0.27,10.86,火力发电,山东,        258.14亿
1.28,10.85,水泥,西藏,         61.79亿
0.7,10.79,普钢,上海,       1266.39亿
1.45,10.78,火力发电,福建,        141.22亿
-0.95,10.75,工程机械,北京,       1311.47亿
2.36,10.73,专用机械,广东,         15.45亿
1.5,10.72,医药商业,新疆,         58.45亿
2.69,10.71,中成药,湖北,        186.45亿
3.22,10.69,通信设备,湖北,        130.77亿
-0.32,10.68,工程机械,湖南,        400.10亿
0.41,10.68,火力发电,江苏,        105.34亿
2.53,10.68,塑料,上海,         22.04亿
1.13,10.67,化学制药,北京,        130.72亿
0.66,10.66,火力发电,深圳,        243.42亿
1.39,10.66,食品,山东,         47.14亿
1.02,10.65,综合类,内蒙,        105.62亿
1.35,10.64,区域地产,广东,         18.94亿
1.42,10.63,医药商业,北京,        137.25亿
1.9,10.63,建筑工程,贵州,         23.34亿
1.46,10.6,石油开采,山东,         84.27亿
2.33,10.56,互联网,浙江,         42.68亿
0.37,10.55,建筑工程,北京,        489.16亿
0.26,10.54,区域地产,福建,        310.60亿
0.86,10.52,纺织,河南,         28.63亿
0.93,10.52,百货,湖南,         45.17亿
1.19,10.52,银行,山东,         33.06亿
1.84,10.52,化工原料,河北,         24.08亿
0.4,10.51,石油加工,北京,       4787.44亿
-0.27,10.5,区域地产,吉林,         85.16亿
0.89,10.49,银行,江苏,         49.08亿
0.62,10.46,建筑工程,四川,        112.35亿
0.64,10.41,汽车配件,吉林,         83.24亿
1.86,10.41,纺织,上海,         42.69亿
0.23,10.41,水力发电,北京,        601.24亿
0.67,10.37,路桥,黑龙江,         39.34亿
1.42,10.34,其他建材,北京,         28.96亿
0.75,10.27,公共交通,上海,         62.69亿
0.43,10.26,玻璃,湖南,        125.40亿
2.81,10.25,广告包装,上海,         55.51亿
3.62,10.23,汽车配件,浙江,         79.46亿
0.64,10.23,纺织,浙江,         57.85亿
0.81,10.21,商贸代理,福建,        248.36亿
2.64,10.21,全国地产,浙江,        334.47亿
2.82,10.2,出版业,江西,        173.18亿
--  ,10.17,建筑工程,山东,         50.96亿
0.28,10.17,出版业,河南,         46.97亿
3.42,10.17,电气设备,黑龙江,         36.74亿
3.55,10.17,化纤,江苏,         64.54亿
0.24,10.17,百货,吉林,         26.38亿
0.16,10.17,百货,北京,         40.34亿
0.3,10.16,商贸代理,江苏,         64.66亿
1.8,10.15,染料涂料,浙江,         27.27亿
0.51,10.14,建筑工程,上海,        187.70亿
0,10.13,出版业,广东,         81.47亿
1.38,10.11,化工原料,内蒙,         78.74亿
0.52,10.09,银行,山东,         26.20亿
1.75,10.06,农药化肥,江苏,         27.63亿
1.81,10.05,火力发电,广东,         46.31亿
0.51,10.04,汽车整车,上海,       2740.12亿
0,9.99,区域地产,浙江,         51.87亿
1.04,9.98,纺织,安徽,         36.79亿
1.33,9.95,化工原料,内蒙,        257.36亿
0.06,9.94,银行,深圳,       3130.15亿
1.07,9.91,百货,重庆,        119.49亿
0.22,9.89,纺织,山东,         50.67亿
2.12,9.86,港口,深圳,         78.51亿
1.04,9.86,多元金融,湖南,         47.82亿
2.42,9.85,全国地产,上海,         75.21亿
1.18,9.83,出版业,山东,         29.24亿
-0.2,9.81,工程机械,江苏,        352.50亿
1.45,9.8,商贸代理,广东,         42.42亿
2.08,9.79,化工原料,河南,        269.01亿
-0.64,9.79,服饰,江苏,        341.67亿
1.21,9.77,建筑工程,北京,         52.77亿
0.47,9.76,建筑工程,北京,        318.18亿
0.44,9.71,水泥,广东,        132.94亿
1.15,9.71,小金属,内蒙,         54.04亿
0.98,9.69,纺织,江苏,         30.02亿
0.35,9.69,其他建材,福建,         30.73亿
1.59,9.69,化工原料,上海,         52.71亿
1.56,9.69,汽车配件,山东,         98.24亿
1.74,9.68,新型电力,重庆,         71.50亿
0.25,9.67,石油贸易,江苏,        120.97亿
1.41,9.64,其他建材,山东,         44.58亿
1.16,9.62,区域地产,浙江,         79.54亿
2.16,9.62,水力发电,广东,         61.33亿
1.44,9.61,百货,江苏,         31.14亿
1.86,9.56,医药商业,福建,         24.31亿
0.75,9.53,百货,新疆,         16.62亿
1.04,9.52,建筑工程,安徽,         35.43亿
0.65,9.51,造纸,山东,         77.19亿
-1.36,9.46,百货,北京,         78.26亿
2.87,9.45,全国地产,陕西,         30.94亿
1.5,9.42,特种钢,山西,        231.83亿
0,9.37,钢加工,河北,        160.37亿
3.94,9.37,家用电器,浙江,         65.20亿
0.33,9.36,路桥,福建,         82.88亿
0.81,9.35,摩托车,重庆,         76.60亿
1.62,9.29,汽车配件,四川,         71.32亿
0,9.29,铝,浙江,         14.02亿
1.13,9.22,装修装饰,江苏,        207.62亿
0.71,9.22,电器仪表,浙江,         98.59亿
1.69,9.16,路桥,深圳,        172.57亿
0.37,9.14,区域地产,吉林,         65.43亿
-0.59,9.13,银行,深圳,       7690.47亿
-1.47,9.13,汽车服务,辽宁,        271.70亿
1.19,9.08,港口,河北,        142.69亿
-1.3,9.06,保险,深圳,       9277.09亿
1.96,9.05,钢加工,江苏,         14.93亿
1.51,9.03,化工原料,内蒙,         35.26亿
1.12,9.01,水泥,福建,         30.97亿
1.52,8.99,电器仪表,江苏,         81.85亿
0.87,8.96,农药化肥,河北,        128.47亿
1.72,8.95,塑料,广东,         37.52亿
1.06,8.94,化工原料,山东,         34.71亿
1.25,8.91,全国地产,浙江,         20.58亿
5.85,8.86,塑料,福建,         34.55亿
1.6,8.82,焦炭加工,山西,         45.85亿
1.4,8.73,染料涂料,浙江,        102.17亿
1.15,8.7,出版业,湖北,         74.51亿
0.57,8.69,建筑工程,上海,        300.44亿
1.45,8.66,化纤,河南,         44.27亿
-0.34,8.65,路桥,安徽,         68.54亿
1.18,8.64,染料涂料,浙江,        447.01亿
2.6,8.6,全国地产,深圳,        128.96亿
0,8.59,造纸,安徽,        151.75亿
0.15,8.54,保险,北京,        990.17亿
2.82,8.53,小金属,江苏,         44.58亿
-0.1,8.51,特种钢,江西,        138.83亿
-0.29,8.46,服饰,浙江,        346.97亿
0.58,8.38,农业综合,山东,         56.57亿
0.82,8.38,路桥,山东,        237.19亿
1.17,8.37,农业综合,山东,        101.70亿
0.3,8.36,工程机械,广西,         97.41亿
0.77,8.34,商贸代理,浙江,        224.38亿
0.21,8.34,煤炭开采,北京,        442.04亿
0.59,8.32,路桥,湖北,         51.71亿
-0.47,8.3,汽车配件,江苏,        158.51亿
1.55,8.3,半导体,河南,         26.25亿
0.4,8.3,银行,江苏,         69.20亿
-0.34,8.27,百货,湖北,         90.06亿
0.74,8.27,家用电器,广东,         98.51亿
0.89,8.24,建筑工程,北京,       1064.30亿
1.39,8.21,钢加工,江苏,         34.86亿
0.97,8.19,建筑工程,北京,        462.49亿
0.14,8.16,水泥,安徽,       1956.65亿
2.82,8.14,多元金融,新疆,        129.48亿
1.46,8.14,仓储物流,福建,         89.75亿
-0.21,8.12,农业综合,福建,        262.51亿
0.23,8.1,全国地产,深圳,        585.54亿
1.97,8.06,日用化工,山东,         29.34亿
-0.4,8.06,全国地产,浙江,         35.06亿
0.75,8,煤炭开采,北京,         64.20亿
-1.03,7.95,煤炭开采,贵州,         95.00亿
0.47,7.92,煤炭开采,山西,         71.47亿
0.79,7.9,路桥,四川,         83.27亿
1.12,7.88,铝,山东,         33.54亿
1.08,7.83,火力发电,湖北,         51.65亿
0.74,7.83,银行,江苏,         91.97亿
1.52,7.8,石油加工,辽宁,         95.97亿
0.48,7.8,普钢,甘肃,        130.28亿
2.61,7.79,化纤,浙江,        254.64亿
1.42,7.76,造纸,山东,         49.97亿
1.12,7.76,全国地产,江苏,         66.28亿
2.93,7.76,汽车配件,河南,         93.88亿
1.29,7.73,其他商业,上海,         43.46亿
1.69,7.7,全国地产,深圳,         62.10亿
0.79,7.68,煤炭开采,河南,         90.90亿
2.72,7.65,区域地产,广东,         64.91亿
0.37,7.64,路桥,广东,         84.93亿
0.17,7.58,煤炭开采,山西,        182.45亿
4.16,7.58,区域地产,广东,        174.09亿
0.96,7.55,旅游景点,深圳,        516.43亿
-1.32,7.55,区域地产,重庆,        393.54亿
0.49,7.54,全国地产,上海,        155.30亿
0.85,7.48,水力发电,甘肃,         48.67亿
0.22,7.46,煤炭开采,上海,         66.42亿
0.46,7.46,建筑工程,江苏,        114.47亿
1.45,7.44,煤炭开采,山西,        209.70亿
0.87,7.38,批发业,浙江,         37.79亿
0.25,7.33,铁路,山西,       1181.91亿
0.48,7.26,煤炭开采,山西,         71.63亿
-0.69,7.21,煤炭开采,安徽,         69.12亿
0,7.2,普钢,广西,        142.49亿
1.22,7.19,水泥,新疆,         94.96亿
0.39,7.18,水力发电,云南,         36.61亿
2.98,7.17,百货,江苏,         97.01亿
0.28,7.16,铝,河南,         62.29亿
0.41,7.15,水泥,湖北,        300.16亿
0.61,7.15,水泥,北京,        276.69亿
0,7.13,公路,河南,         52.86亿
0.49,7.13,路桥,江西,         95.75亿
0.12,7.09,煤炭开采,陕西,        859.00亿
6.83,7.02,通信设备,深圳,         68.88亿
0.08,7.01,百货,辽宁,         78.19亿
1.33,7,水泥,江西,         84.84亿
0.64,6.99,煤炭开采,北京,       2867.79亿
1.04,6.93,建筑工程,北京,       1084.67亿
0.81,6.9,家用电器,广东,         15.36亿
1.02,6.9,建筑工程,北京,       1144.57亿
-0.43,6.89,百货,四川,         30.27亿
1.61,6.82,建筑工程,湖北,        291.02亿
1.89,6.74,全国地产,北京,        223.04亿
0.42,6.74,普钢,广东,        115.90亿
-0.18,6.71,银行,北京,        165.95亿
1.22,6.64,银行,浙江,        402.32亿
0.48,6.61,水泥,甘肃,        135.79亿
-0.43,6.51,银行,浙江,         94.90亿
0,6.49,银行,重庆,         72.29亿
0.48,6.47,化学制药,福建,         40.27亿
0.51,6.41,区域地产,河北,        823.46亿
0.87,6.39,区域地产,北京,        153.07亿
0.51,6.36,区域地产,北京,        201.46亿
1.23,6.29,石油贸易,浙江,         31.89亿
3.79,6.28,影视音像,湖北,         54.63亿
1.87,6.25,水泥,河北,        205.85亿
0.74,6.24,建筑工程,浙江,         43.81亿
0.29,6.23,区域地产,四川,        210.39亿
1.15,6.23,煤炭开采,河北,         65.31亿
-0.43,6.19,全国地产,河北,        360.93亿
1.47,6.18,水泥,甘肃,         85.77亿
1.27,6.18,区域地产,北京,         84.85亿
3.17,6.17,工程机械,浙江,         41.66亿
-0.69,6.14,银行,北京,      15583.59亿
2.69,6.1,水泥,浙江,         49.96亿
0.61,6.09,煤炭开采,内蒙,        135.49亿
-0.54,6.04,银行,上海,       1230.69亿
1.1,5.96,水泥,宁夏,         48.34亿
-0.69,5.95,银行,北京,        685.95亿
0.57,5.94,煤炭开采,山西,        126.50亿
0.96,5.92,园区开发,江苏,        117.42亿
0.24,5.9,路桥,湖南,         64.63亿
0.9,5.9,电器连锁,江苏,        781.41亿
0,5.87,银行,四川,        164.37亿
1.59,5.84,普钢,福建,        197.66亿
2.97,5.81,化学制药,浙江,         97.23亿
0,5.69,银行,北京,        964.27亿
0.66,5.68,银行,河南,         68.81亿
1.85,5.62,全国地产,深圳,         69.13亿
2.34,5.62,农业综合,山东,         64.01亿
4.02,5.6,路桥,河南,         98.88亿
0.15,5.57,银行,福建,       3741.88亿
0.19,5.55,建筑工程,北京,       2176.36亿
0.08,5.52,银行,上海,       3408.99亿
1.48,5.52,银行,湖南,         88.88亿
0,5.51,银行,北京,       1952.60亿
2.91,5.5,煤炭开采,安徽,         52.84亿
-0.45,5.5,银行,北京,       1747.68亿
-0.35,5.46,银行,江苏,        720.14亿
2.25,5.4,装修装饰,北京,         26.00亿
0.84,5.35,银行,贵州,        293.17亿
0.97,5.34,商贸代理,福建,        134.69亿
4.7,5.3,区域地产,福建,        149.66亿
-0.55,5.29,银行,北京,      10703.61亿
0.74,5.27,全国地产,上海,        829.87亿
0.42,5.23,银行,江苏,        818.93亿
2.23,5.22,医疗保健,山东,         55.48亿
1.25,5.18,区域地产,江苏,         34.13亿
-0.18,5.13,银行,上海,       2174.50亿
0,5.05,银行,北京,       7692.94亿
0.53,5.02,煤炭开采,山东,        281.48亿
-0.36,4.92,银行,北京,       1023.71亿
-0.29,4.8,普钢,江苏,        151.90亿
0.55,4.77,中成药,河南,         20.51亿
0.2,4.54,普钢,江西,        160.07亿
-0.32,4.51,银行,北京,       2216.38亿
0.67,4.42,路桥,广西,         50.43亿
1.07,4.39,普钢,湖南,        198.83亿
2.36,4.18,区域地产,天津,         37.79亿
1.8,3.41,煤炭开采,安徽,         88.08亿
1.23,2.79,煤炭开采,河南,         93.88亿
0.42,2.59,影视音像,浙江,         41.58亿
